artist,title,title_index,release_year,hp,bill_year,bill_ranking,popularity,loudness,tempo,time,modality,danceability,energy,speechiness,instrumentalness,liveness,valence,genre
Queen,Bohemian Rhapsody,1,1975,1,1975,1,75,-9.961,143.883,4,0,0.392,0.402,0.0536,0,0.243,0.228,rock
Queen,Bohemian Rhapsody,1,1975,1,1999,1,75,-9.961,143.883,4,0,0.392,0.402,0.0536,0,0.243,0.228,rock
Queen,Bohemian Rhapsody,1,1975,1,2000,1,75,-9.961,143.883,4,0,0.392,0.402,0.0536,0,0.243,0.228,rock
Queen,Bohemian Rhapsody,1,1975,1,2001,1,75,-9.961,143.883,4,0,0.392,0.402,0.0536,0,0.243,0.228,rock
Queen,Bohemian Rhapsody,1,1975,1,2002,1,75,-9.961,143.883,4,0,0.392,0.402,0.0536,0,0.243,0.228,rock
Queen,Bohemian Rhapsody,1,1975,1,2003,1,75,-9.961,143.883,4,0,0.392,0.402,0.0536,0,0.243,0.228,rock
Queen,Bohemian Rhapsody,1,1975,1,2004,1,75,-9.961,143.883,4,0,0.392,0.402,0.0536,0,0.243,0.228,rock
Queen,Bohemian Rhapsody,1,1975,1,2005,2,75,-9.961,143.883,4,0,0.392,0.402,0.0536,0,0.243,0.228,rock
Queen,Bohemian Rhapsody,1,1975,1,2006,1,75,-9.961,143.883,4,0,0.392,0.402,0.0536,0,0.243,0.228,rock
Queen,Bohemian Rhapsody,1,1975,1,2007,1,75,-9.961,143.883,4,0,0.392,0.402,0.0536,0,0.243,0.228,rock
Queen,Bohemian Rhapsody,1,1975,1,2008,1,75,-9.961,143.883,4,0,0.392,0.402,0.0536,0,0.243,0.228,rock
Queen,Bohemian Rhapsody,1,1975,1,2009,1,75,-9.961,143.883,4,0,0.392,0.402,0.0536,0,0.243,0.228,rock
Queen,Bohemian Rhapsody,1,1975,1,2010,2,75,-9.961,143.883,4,0,0.392,0.402,0.0536,0,0.243,0.228,rock
Queen,Bohemian Rhapsody,1,1975,1,2011,1,75,-9.961,143.883,4,0,0.392,0.402,0.0536,0,0.243,0.228,rock
Queen,Bohemian Rhapsody,1,1975,1,2012,1,75,-9.961,143.883,4,0,0.392,0.402,0.0536,0,0.243,0.228,rock
Queen,Bohemian Rhapsody,1,1975,1,2013,1,75,-9.961,143.883,4,0,0.392,0.402,0.0536,0,0.243,0.228,rock
Queen,Bohemian Rhapsody,1,1975,1,2014,2,75,-9.961,143.883,4,0,0.392,0.402,0.0536,0,0.243,0.228,rock
Queen,Bohemian Rhapsody,1,1975,1,2015,2,75,-9.961,143.883,4,0,0.392,0.402,0.0536,0,0.243,0.228,rock
Queen,Bohemian Rhapsody,1,1975,1,2016,1,75,-9.961,143.883,4,0,0.392,0.402,0.0536,0,0.243,0.228,rock
Queen,Bohemian Rhapsody,1,1975,1,2017,1,75,-9.961,143.883,4,0,0.392,0.402,0.0536,0,0.243,0.228,rock
Queen,Bohemian Rhapsody,1,1975,1,2018,1,75,-9.961,143.883,4,0,0.392,0.402,0.0536,0,0.243,0.228,rock
Queen,Bohemian Rhapsody,1,1975,1,2019,1,75,-9.961,143.883,4,0,0.392,0.402,0.0536,0,0.243,0.228,rock
Coldplay,Clocks,2,2003,6,2011,10,76,-7.215,130.969,4,0,0.577,0.749,0.0279,0.0112,0.183,0.261,pop
Coldplay,Clocks,2,2003,6,2012,9,76,-7.215,130.969,4,0,0.577,0.749,0.0279,0.0112,0.183,0.261,pop
Coldplay,Clocks,2,2003,6,2013,12,76,-7.215,130.969,4,0,0.577,0.749,0.0279,0.0112,0.183,0.261,pop
Coldplay,Clocks,2,2003,6,2014,20,76,-7.215,130.969,4,0,0.577,0.749,0.0279,0.0112,0.183,0.261,pop
Coldplay,Clocks,2,2003,6,2015,29,76,-7.215,130.969,4,0,0.577,0.749,0.0279,0.0112,0.183,0.261,pop
Coldplay,Clocks,2,2003,6,2016,36,76,-7.215,130.969,4,0,0.577,0.749,0.0279,0.0112,0.183,0.261,pop
Coldplay,Clocks,2,2003,6,2017,46,76,-7.215,130.969,4,0,0.577,0.749,0.0279,0.0112,0.183,0.261,pop
Coldplay,Clocks,2,2003,6,2018,57,76,-7.215,130.969,4,0,0.577,0.749,0.0279,0.0112,0.183,0.261,pop
Coldplay,Clocks,2,2003,6,2019,80,76,-7.215,130.969,4,0,0.577,0.749,0.0279,0.0112,0.183,0.261,pop
Otis Redding,(Sittin' on) the dock of the bay,3,1968,31,1968,31,73,-11.226,103.621,4,1,0.769,0.367,0.0312,1.62E-05,0.081,0.535,soul
Otis Redding,(Sittin' on) the dock of the bay,3,1968,31,1999,240,73,-11.226,103.621,4,1,0.769,0.367,0.0312,1.62E-05,0.081,0.535,soul
Otis Redding,(Sittin' on) the dock of the bay,3,1968,31,2000,450,73,-11.226,103.621,4,1,0.769,0.367,0.0312,1.62E-05,0.081,0.535,soul
Otis Redding,(Sittin' on) the dock of the bay,3,1968,31,2001,371,73,-11.226,103.621,4,1,0.769,0.367,0.0312,1.62E-05,0.081,0.535,soul
Otis Redding,(Sittin' on) the dock of the bay,3,1968,31,2002,344,73,-11.226,103.621,4,1,0.769,0.367,0.0312,1.62E-05,0.081,0.535,soul
Otis Redding,(Sittin' on) the dock of the bay,3,1968,31,2003,239,73,-11.226,103.621,4,1,0.769,0.367,0.0312,1.62E-05,0.081,0.535,soul
Otis Redding,(Sittin' on) the dock of the bay,3,1968,31,2004,257,73,-11.226,103.621,4,1,0.769,0.367,0.0312,1.62E-05,0.081,0.535,soul
Otis Redding,(Sittin' on) the dock of the bay,3,1968,31,2005,285,73,-11.226,103.621,4,1,0.769,0.367,0.0312,1.62E-05,0.081,0.535,soul
Otis Redding,(Sittin' on) the dock of the bay,3,1968,31,2006,253,73,-11.226,103.621,4,1,0.769,0.367,0.0312,1.62E-05,0.081,0.535,soul
Otis Redding,(Sittin' on) the dock of the bay,3,1968,31,2007,297,73,-11.226,103.621,4,1,0.769,0.367,0.0312,1.62E-05,0.081,0.535,soul
Otis Redding,(Sittin' on) the dock of the bay,3,1968,31,2008,259,73,-11.226,103.621,4,1,0.769,0.367,0.0312,1.62E-05,0.081,0.535,soul
Otis Redding,(Sittin' on) the dock of the bay,3,1968,31,2009,195,73,-11.226,103.621,4,1,0.769,0.367,0.0312,1.62E-05,0.081,0.535,soul
Otis Redding,(Sittin' on) the dock of the bay,3,1968,31,2010,155,73,-11.226,103.621,4,1,0.769,0.367,0.0312,1.62E-05,0.081,0.535,soul
Otis Redding,(Sittin' on) the dock of the bay,3,1968,31,2011,84,73,-11.226,103.621,4,1,0.769,0.367,0.0312,1.62E-05,0.081,0.535,soul
Otis Redding,(Sittin' on) the dock of the bay,3,1968,31,2012,31,73,-11.226,103.621,4,1,0.769,0.367,0.0312,1.62E-05,0.081,0.535,soul
Otis Redding,(Sittin' on) the dock of the bay,3,1968,31,2013,51,73,-11.226,103.621,4,1,0.769,0.367,0.0312,1.62E-05,0.081,0.535,soul
Otis Redding,(Sittin' on) the dock of the bay,3,1968,31,2014,67,73,-11.226,103.621,4,1,0.769,0.367,0.0312,1.62E-05,0.081,0.535,soul
Otis Redding,(Sittin' on) the dock of the bay,3,1968,31,2015,82,73,-11.226,103.621,4,1,0.769,0.367,0.0312,1.62E-05,0.081,0.535,soul
Otis Redding,(Sittin' on) the dock of the bay,3,1968,31,2016,56,73,-11.226,103.621,4,1,0.769,0.367,0.0312,1.62E-05,0.081,0.535,soul
Otis Redding,(Sittin' on) the dock of the bay,3,1968,31,2017,74,73,-11.226,103.621,4,1,0.769,0.367,0.0312,1.62E-05,0.081,0.535,soul
Otis Redding,(Sittin' on) the dock of the bay,3,1968,31,2018,90,73,-11.226,103.621,4,1,0.769,0.367,0.0312,1.62E-05,0.081,0.535,soul
Otis Redding,(Sittin' on) the dock of the bay,3,1968,31,2019,99,73,-11.226,103.621,4,1,0.769,0.367,0.0312,1.62E-05,0.081,0.535,soul
Edith Piaf,"Non, je ne regrette rien",4,1961,106,1961,106,64,-6.595,87.061,4,1,0.385,0.354,0.029,3.11E-06,0.168,0.437,folk
Edith Piaf,"Non, je ne regrette rien",4,1961,106,1961,106,64,-6.595,87.061,4,1,0.385,0.354,0.029,3.11E-06,0.168,0.437,folk
Edith Piaf,"Non, je ne regrette rien",4,1961,106,1961,106,64,-6.595,87.061,4,1,0.385,0.354,0.029,3.11E-06,0.168,0.437,folk
Edith Piaf,"Non, je ne regrette rien",4,1961,106,1961,106,64,-6.595,87.061,4,1,0.385,0.354,0.029,3.11E-06,0.168,0.437,folk
Edith Piaf,"Non, je ne regrette rien",4,1961,106,1961,106,64,-6.595,87.061,4,1,0.385,0.354,0.029,3.11E-06,0.168,0.437,folk
Edith Piaf,"Non, je ne regrette rien",4,1961,106,1961,106,64,-6.595,87.061,4,1,0.385,0.354,0.029,3.11E-06,0.168,0.437,folk
Edith Piaf,"Non, je ne regrette rien",4,1961,106,1961,106,64,-6.595,87.061,4,1,0.385,0.354,0.029,3.11E-06,0.168,0.437,folk
Edith Piaf,"Non, je ne regrette rien",4,1961,106,1961,106,64,-6.595,87.061,4,1,0.385,0.354,0.029,3.11E-06,0.168,0.437,folk
Edith Piaf,"Non, je ne regrette rien",4,1961,106,1961,106,64,-6.595,87.061,4,1,0.385,0.354,0.029,3.11E-06,0.168,0.437,folk
Edith Piaf,"Non, je ne regrette rien",4,1961,106,1961,106,64,-6.595,87.061,4,1,0.385,0.354,0.029,3.11E-06,0.168,0.437,folk
Edith Piaf,"Non, je ne regrette rien",4,1961,106,2008,224,64,-6.595,87.061,4,1,0.385,0.354,0.029,3.11E-06,0.168,0.437,folk
Edith Piaf,"Non, je ne regrette rien",4,1961,106,2009,277,64,-6.595,87.061,4,1,0.385,0.354,0.029,3.11E-06,0.168,0.437,folk
Edith Piaf,"Non, je ne regrette rien",4,1961,106,2010,328,64,-6.595,87.061,4,1,0.385,0.354,0.029,3.11E-06,0.168,0.437,folk
Edith Piaf,"Non, je ne regrette rien",4,1961,106,2011,263,64,-6.595,87.061,4,1,0.385,0.354,0.029,3.11E-06,0.168,0.437,folk
Edith Piaf,"Non, je ne regrette rien",4,1961,106,2012,413,64,-6.595,87.061,4,1,0.385,0.354,0.029,3.11E-06,0.168,0.437,folk
Edith Piaf,"Non, je ne regrette rien",4,1961,106,2013,363,64,-6.595,87.061,4,1,0.385,0.354,0.029,3.11E-06,0.168,0.437,folk
Edith Piaf,"Non, je ne regrette rien",4,1961,106,2014,427,64,-6.595,87.061,4,1,0.385,0.354,0.029,3.11E-06,0.168,0.437,folk
Edith Piaf,"Non, je ne regrette rien",4,1961,106,2015,460,64,-6.595,87.061,4,1,0.385,0.354,0.029,3.11E-06,0.168,0.437,folk
Edith Piaf,"Non, je ne regrette rien",4,1961,106,2016,622,64,-6.595,87.061,4,1,0.385,0.354,0.029,3.11E-06,0.168,0.437,folk
Edith Piaf,"Non, je ne regrette rien",4,1961,106,2017,582,64,-6.595,87.061,4,1,0.385,0.354,0.029,3.11E-06,0.168,0.437,folk
Edith Piaf,"Non, je ne regrette rien",4,1961,106,2018,577,64,-6.595,87.061,4,1,0.385,0.354,0.029,3.11E-06,0.168,0.437,folk
Edith Piaf,"Non, je ne regrette rien",4,1961,106,2019,813,64,-6.595,87.061,4,1,0.385,0.354,0.029,3.11E-06,0.168,0.437,folk
Eva Cassidy,Fields of gold,5,1998,227,1998,227,62,-14.676,79.817,4,1,0.461,0.0859,0.0309,1.12E-06,0.077,0.31,jazz
Eva Cassidy,Fields of gold,5,1998,227,2005,1086,62,-14.676,79.817,4,1,0.461,0.0859,0.0309,1.12E-06,0.077,0.31,jazz
Eva Cassidy,Fields of gold,5,1998,227,2006,514,62,-14.676,79.817,4,1,0.461,0.0859,0.0309,1.12E-06,0.077,0.31,jazz
Eva Cassidy,Fields of gold,5,1998,227,2007,301,62,-14.676,79.817,4,1,0.461,0.0859,0.0309,1.12E-06,0.077,0.31,jazz
Eva Cassidy,Fields of gold,5,1998,227,2008,728,62,-14.676,79.817,4,1,0.461,0.0859,0.0309,1.12E-06,0.077,0.31,jazz
Eva Cassidy,Fields of gold,5,1998,227,2009,377,62,-14.676,79.817,4,1,0.461,0.0859,0.0309,1.12E-06,0.077,0.31,jazz
Eva Cassidy,Fields of gold,5,1998,227,2010,319,62,-14.676,79.817,4,1,0.461,0.0859,0.0309,1.12E-06,0.077,0.31,jazz
Eva Cassidy,Fields of gold,5,1998,227,2011,311,62,-14.676,79.817,4,1,0.461,0.0859,0.0309,1.12E-06,0.077,0.31,jazz
Eva Cassidy,Fields of gold,5,1998,227,2012,373,62,-14.676,79.817,4,1,0.461,0.0859,0.0309,1.12E-06,0.077,0.31,jazz
Eva Cassidy,Fields of gold,5,1998,227,2013,227,62,-14.676,79.817,4,1,0.461,0.0859,0.0309,1.12E-06,0.077,0.31,jazz
Eva Cassidy,Fields of gold,5,1998,227,2014,322,62,-14.676,79.817,4,1,0.461,0.0859,0.0309,1.12E-06,0.077,0.31,jazz
Eva Cassidy,Fields of gold,5,1998,227,2015,354,62,-14.676,79.817,4,1,0.461,0.0859,0.0309,1.12E-06,0.077,0.31,jazz
Eva Cassidy,Fields of gold,5,1998,227,2016,444,62,-14.676,79.817,4,1,0.461,0.0859,0.0309,1.12E-06,0.077,0.31,jazz
Eva Cassidy,Fields of gold,5,1998,227,2017,535,62,-14.676,79.817,4,1,0.461,0.0859,0.0309,1.12E-06,0.077,0.31,jazz
Eva Cassidy,Fields of gold,5,1998,227,2018,584,62,-14.676,79.817,4,1,0.461,0.0859,0.0309,1.12E-06,0.077,0.31,jazz
Eva Cassidy,Fields of gold,5,1998,227,2019,625,62,-14.676,79.817,4,1,0.461,0.0859,0.0309,1.12E-06,0.077,0.31,jazz
Eagles,Hotel California,6,1977,1,1977,1,82,-9.484,147.125,4,1,0.579,0.508,0.027,0.000494,0.0575,0.609,rock
Eagles,Hotel California,6,1977,1,1999,2,82,-9.484,147.125,4,1,0.579,0.508,0.027,0.000494,0.0575,0.609,rock
Eagles,Hotel California,6,1977,1,2000,4,82,-9.484,147.125,4,1,0.579,0.508,0.027,0.000494,0.0575,0.609,rock
Eagles,Hotel California,6,1977,1,2001,3,82,-9.484,147.125,4,1,0.579,0.508,0.027,0.000494,0.0575,0.609,rock
Eagles,Hotel California,6,1977,1,2002,3,82,-9.484,147.125,4,1,0.579,0.508,0.027,0.000494,0.0575,0.609,rock
Eagles,Hotel California,6,1977,1,2003,2,82,-9.484,147.125,4,1,0.579,0.508,0.027,0.000494,0.0575,0.609,rock
Eagles,Hotel California,6,1977,1,2004,2,82,-9.484,147.125,4,1,0.579,0.508,0.027,0.000494,0.0575,0.609,rock
Eagles,Hotel California,6,1977,1,2005,3,82,-9.484,147.125,4,1,0.579,0.508,0.027,0.000494,0.0575,0.609,rock
Eagles,Hotel California,6,1977,1,2006,3,82,-9.484,147.125,4,1,0.579,0.508,0.027,0.000494,0.0575,0.609,rock
Eagles,Hotel California,6,1977,1,2007,3,82,-9.484,147.125,4,1,0.579,0.508,0.027,0.000494,0.0575,0.609,rock
Eagles,Hotel California,6,1977,1,2008,2,82,-9.484,147.125,4,1,0.579,0.508,0.027,0.000494,0.0575,0.609,rock
Eagles,Hotel California,6,1977,1,2009,2,82,-9.484,147.125,4,1,0.579,0.508,0.027,0.000494,0.0575,0.609,rock
Eagles,Hotel California,6,1977,1,2010,1,82,-9.484,147.125,4,1,0.579,0.508,0.027,0.000494,0.0575,0.609,rock
Eagles,Hotel California,6,1977,1,2011,2,82,-9.484,147.125,4,1,0.579,0.508,0.027,0.000494,0.0575,0.609,rock
Eagles,Hotel California,6,1977,1,2012,2,82,-9.484,147.125,4,1,0.579,0.508,0.027,0.000494,0.0575,0.609,rock
Eagles,Hotel California,6,1977,1,2013,2,82,-9.484,147.125,4,1,0.579,0.508,0.027,0.000494,0.0575,0.609,rock
Eagles,Hotel California,6,1977,1,2014,1,82,-9.484,147.125,4,1,0.579,0.508,0.027,0.000494,0.0575,0.609,rock
Eagles,Hotel California,6,1977,1,2015,3,82,-9.484,147.125,4,1,0.579,0.508,0.027,0.000494,0.0575,0.609,rock
Eagles,Hotel California,6,1977,1,2016,2,82,-9.484,147.125,4,1,0.579,0.508,0.027,0.000494,0.0575,0.609,rock
Eagles,Hotel California,6,1977,1,2017,2,82,-9.484,147.125,4,1,0.579,0.508,0.027,0.000494,0.0575,0.609,rock
Eagles,Hotel California,6,1977,1,2018,2,82,-9.484,147.125,4,1,0.579,0.508,0.027,0.000494,0.0575,0.609,rock
Eagles,Hotel California,6,1977,1,2019,2,82,-9.484,147.125,4,1,0.579,0.508,0.027,0.000494,0.0575,0.609,rock
Boudewijn de Groot,Avond,7,1997,1,1997,1,40,-15.278,98.183,4,1,0.479,0.365,0.041,0.000544,0.12,0.166,rock
Boudewijn de Groot,Avond,7,1997,1,1999,428,40,-15.278,98.183,4,1,0.479,0.365,0.041,0.000544,0.12,0.166,rock
Boudewijn de Groot,Avond,7,1997,1,2000,121,40,-15.278,98.183,4,1,0.479,0.365,0.041,0.000544,0.12,0.166,rock
Boudewijn de Groot,Avond,7,1997,1,2001,41,40,-15.278,98.183,4,1,0.479,0.365,0.041,0.000544,0.12,0.166,rock
Boudewijn de Groot,Avond,7,1997,1,2002,25,40,-15.278,98.183,4,1,0.479,0.365,0.041,0.000544,0.12,0.166,rock
Boudewijn de Groot,Avond,7,1997,1,2003,8,40,-15.278,98.183,4,1,0.479,0.365,0.041,0.000544,0.12,0.166,rock
Boudewijn de Groot,Avond,7,1997,1,2004,5,40,-15.278,98.183,4,1,0.479,0.365,0.041,0.000544,0.12,0.166,rock
Boudewijn de Groot,Avond,7,1997,1,2005,1,40,-15.278,98.183,4,1,0.479,0.365,0.041,0.000544,0.12,0.166,rock
Boudewijn de Groot,Avond,7,1997,1,2006,2,40,-15.278,98.183,4,1,0.479,0.365,0.041,0.000544,0.12,0.166,rock
Boudewijn de Groot,Avond,7,1997,1,2007,2,40,-15.278,98.183,4,1,0.479,0.365,0.041,0.000544,0.12,0.166,rock
Boudewijn de Groot,Avond,7,1997,1,2008,3,40,-15.278,98.183,4,1,0.479,0.365,0.041,0.000544,0.12,0.166,rock
Boudewijn de Groot,Avond,7,1997,1,2009,3,40,-15.278,98.183,4,1,0.479,0.365,0.041,0.000544,0.12,0.166,rock
Boudewijn de Groot,Avond,7,1997,1,2010,3,40,-15.278,98.183,4,1,0.479,0.365,0.041,0.000544,0.12,0.166,rock
Boudewijn de Groot,Avond,7,1997,1,2011,4,40,-15.278,98.183,4,1,0.479,0.365,0.041,0.000544,0.12,0.166,rock
Boudewijn de Groot,Avond,7,1997,1,2012,5,40,-15.278,98.183,4,1,0.479,0.365,0.041,0.000544,0.12,0.166,rock
Boudewijn de Groot,Avond,7,1997,1,2013,5,40,-15.278,98.183,4,1,0.479,0.365,0.041,0.000544,0.12,0.166,rock
Boudewijn de Groot,Avond,7,1997,1,2014,5,40,-15.278,98.183,4,1,0.479,0.365,0.041,0.000544,0.12,0.166,rock
Boudewijn de Groot,Avond,7,1997,1,2015,7,40,-15.278,98.183,4,1,0.479,0.365,0.041,0.000544,0.12,0.166,rock
Boudewijn de Groot,Avond,7,1997,1,2016,6,40,-15.278,98.183,4,1,0.479,0.365,0.041,0.000544,0.12,0.166,rock
Boudewijn de Groot,Avond,7,1997,1,2017,9,40,-15.278,98.183,4,1,0.479,0.365,0.041,0.000544,0.12,0.166,rock
Boudewijn de Groot,Avond,7,1997,1,2018,10,40,-15.278,98.183,4,1,0.479,0.365,0.041,0.000544,0.12,0.166,rock
Boudewijn de Groot,Avond,7,1997,1,2019,6,40,-15.278,98.183,4,1,0.479,0.365,0.041,0.000544,0.12,0.166,rock
John Lennon,Imagine,8,1971,1,1971,1,78,-12.358,75.752,4,1,0.547,0.257,0.0252,0.183,0.0935,0.169,rock
John Lennon,Imagine,8,1971,1,1999,7,78,-12.358,75.752,4,1,0.547,0.257,0.0252,0.183,0.0935,0.169,rock
John Lennon,Imagine,8,1971,1,2000,7,78,-12.358,75.752,4,1,0.547,0.257,0.0252,0.183,0.0935,0.169,rock
John Lennon,Imagine,8,1971,1,2001,11,78,-12.358,75.752,4,1,0.547,0.257,0.0252,0.183,0.0935,0.169,rock
John Lennon,Imagine,8,1971,1,2002,11,78,-12.358,75.752,4,1,0.547,0.257,0.0252,0.183,0.0935,0.169,rock
John Lennon,Imagine,8,1971,1,2003,13,78,-12.358,75.752,4,1,0.547,0.257,0.0252,0.183,0.0935,0.169,rock
John Lennon,Imagine,8,1971,1,2004,9,78,-12.358,75.752,4,1,0.547,0.257,0.0252,0.183,0.0935,0.169,rock
John Lennon,Imagine,8,1971,1,2005,15,78,-12.358,75.752,4,1,0.547,0.257,0.0252,0.183,0.0935,0.169,rock
John Lennon,Imagine,8,1971,1,2006,15,78,-12.358,75.752,4,1,0.547,0.257,0.0252,0.183,0.0935,0.169,rock
John Lennon,Imagine,8,1971,1,2007,41,78,-12.358,75.752,4,1,0.547,0.257,0.0252,0.183,0.0935,0.169,rock
John Lennon,Imagine,8,1971,1,2008,15,78,-12.358,75.752,4,1,0.547,0.257,0.0252,0.183,0.0935,0.169,rock
John Lennon,Imagine,8,1971,1,2009,41,78,-12.358,75.752,4,1,0.547,0.257,0.0252,0.183,0.0935,0.169,rock
John Lennon,Imagine,8,1971,1,2010,26,78,-12.358,75.752,4,1,0.547,0.257,0.0252,0.183,0.0935,0.169,rock
John Lennon,Imagine,8,1971,1,2011,28,78,-12.358,75.752,4,1,0.547,0.257,0.0252,0.183,0.0935,0.169,rock
John Lennon,Imagine,8,1971,1,2012,22,78,-12.358,75.752,4,1,0.547,0.257,0.0252,0.183,0.0935,0.169,rock
John Lennon,Imagine,8,1971,1,2013,23,78,-12.358,75.752,4,1,0.547,0.257,0.0252,0.183,0.0935,0.169,rock
John Lennon,Imagine,8,1971,1,2014,38,78,-12.358,75.752,4,1,0.547,0.257,0.0252,0.183,0.0935,0.169,rock
John Lennon,Imagine,8,1971,1,2015,1,78,-12.358,75.752,4,1,0.547,0.257,0.0252,0.183,0.0935,0.169,rock
John Lennon,Imagine,8,1971,1,2016,12,78,-12.358,75.752,4,1,0.547,0.257,0.0252,0.183,0.0935,0.169,rock
John Lennon,Imagine,8,1971,1,2017,16,78,-12.358,75.752,4,1,0.547,0.257,0.0252,0.183,0.0935,0.169,rock
John Lennon,Imagine,8,1971,1,2018,16,78,-12.358,75.752,4,1,0.547,0.257,0.0252,0.183,0.0935,0.169,rock
John Lennon,Imagine,8,1971,1,2019,29,78,-12.358,75.752,4,1,0.547,0.257,0.0252,0.183,0.0935,0.169,rock
Charles Aznavour,She,9,1974,118,1974,118,64,-12.87,130.876,4,1,0.333,0.28,0.032,1.88E-06,0.13,0.276,folk
Charles Aznavour,She,9,1974,118,1999,343,64,-12.87,130.876,4,1,0.333,0.28,0.032,1.88E-06,0.13,0.276,folk
Charles Aznavour,She,9,1974,118,2000,1079,64,-12.87,130.876,4,1,0.333,0.28,0.032,1.88E-06,0.13,0.276,folk
Charles Aznavour,She,9,1974,118,2001,542,64,-12.87,130.876,4,1,0.333,0.28,0.032,1.88E-06,0.13,0.276,folk
Charles Aznavour,She,9,1974,118,2002,229,64,-12.87,130.876,4,1,0.333,0.28,0.032,1.88E-06,0.13,0.276,folk
Charles Aznavour,She,9,1974,118,2003,236,64,-12.87,130.876,4,1,0.333,0.28,0.032,1.88E-06,0.13,0.276,folk
Charles Aznavour,She,9,1974,118,2004,175,64,-12.87,130.876,4,1,0.333,0.28,0.032,1.88E-06,0.13,0.276,folk
Charles Aznavour,She,9,1974,118,2005,183,64,-12.87,130.876,4,1,0.333,0.28,0.032,1.88E-06,0.13,0.276,folk
Charles Aznavour,She,9,1974,118,2006,149,64,-12.87,130.876,4,1,0.333,0.28,0.032,1.88E-06,0.13,0.276,folk
Charles Aznavour,She,9,1974,118,2007,118,64,-12.87,130.876,4,1,0.333,0.28,0.032,1.88E-06,0.13,0.276,folk
Charles Aznavour,She,9,1974,118,2008,147,64,-12.87,130.876,4,1,0.333,0.28,0.032,1.88E-06,0.13,0.276,folk
Charles Aznavour,She,9,1974,118,2009,141,64,-12.87,130.876,4,1,0.333,0.28,0.032,1.88E-06,0.13,0.276,folk
Charles Aznavour,She,9,1974,118,2010,140,64,-12.87,130.876,4,1,0.333,0.28,0.032,1.88E-06,0.13,0.276,folk
Charles Aznavour,She,9,1974,118,2011,158,64,-12.87,130.876,4,1,0.333,0.28,0.032,1.88E-06,0.13,0.276,folk
Charles Aznavour,She,9,1974,118,2012,210,64,-12.87,130.876,4,1,0.333,0.28,0.032,1.88E-06,0.13,0.276,folk
Charles Aznavour,She,9,1974,118,2013,169,64,-12.87,130.876,4,1,0.333,0.28,0.032,1.88E-06,0.13,0.276,folk
Charles Aznavour,She,9,1974,118,2014,137,64,-12.87,130.876,4,1,0.333,0.28,0.032,1.88E-06,0.13,0.276,folk
Charles Aznavour,She,9,1974,118,2015,143,64,-12.87,130.876,4,1,0.333,0.28,0.032,1.88E-06,0.13,0.276,folk
Charles Aznavour,She,9,1974,118,2016,169,64,-12.87,130.876,4,1,0.333,0.28,0.032,1.88E-06,0.13,0.276,folk
Charles Aznavour,She,9,1974,118,2017,196,64,-12.87,130.876,4,1,0.333,0.28,0.032,1.88E-06,0.13,0.276,folk
Charles Aznavour,She,9,1974,118,2018,174,64,-12.87,130.876,4,1,0.333,0.28,0.032,1.88E-06,0.13,0.276,folk
Charles Aznavour,She,9,1974,118,2019,242,64,-12.87,130.876,4,1,0.333,0.28,0.032,1.88E-06,0.13,0.276,folk
Adamo,"Vous permettez, monsieur?",10,1964,146,1964,146,39,-8.817,119.459,4,1,0.635,0.376,0.0405,0,0.152,0.733,folk
Adamo,"Vous permettez, monsieur?",10,1964,146,1999,358,39,-8.817,119.459,4,1,0.635,0.376,0.0405,0,0.152,0.733,folk
Adamo,"Vous permettez, monsieur?",10,1964,146,2000,337,39,-8.817,119.459,4,1,0.635,0.376,0.0405,0,0.152,0.733,folk
Adamo,"Vous permettez, monsieur?",10,1964,146,2001,318,39,-8.817,119.459,4,1,0.635,0.376,0.0405,0,0.152,0.733,folk
Adamo,"Vous permettez, monsieur?",10,1964,146,2002,277,39,-8.817,119.459,4,1,0.635,0.376,0.0405,0,0.152,0.733,folk
Adamo,"Vous permettez, monsieur?",10,1964,146,2003,333,39,-8.817,119.459,4,1,0.635,0.376,0.0405,0,0.152,0.733,folk
Adamo,"Vous permettez, monsieur?",10,1964,146,2004,243,39,-8.817,119.459,4,1,0.635,0.376,0.0405,0,0.152,0.733,folk
Adamo,"Vous permettez, monsieur?",10,1964,146,2005,232,39,-8.817,119.459,4,1,0.635,0.376,0.0405,0,0.152,0.733,folk
Adamo,"Vous permettez, monsieur?",10,1964,146,2006,272,39,-8.817,119.459,4,1,0.635,0.376,0.0405,0,0.152,0.733,folk
Adamo,"Vous permettez, monsieur?",10,1964,146,2007,146,39,-8.817,119.459,4,1,0.635,0.376,0.0405,0,0.152,0.733,folk
Adamo,"Vous permettez, monsieur?",10,1964,146,2008,209,39,-8.817,119.459,4,1,0.635,0.376,0.0405,0,0.152,0.733,folk
Adamo,"Vous permettez, monsieur?",10,1964,146,2009,664,39,-8.817,119.459,4,1,0.635,0.376,0.0405,0,0.152,0.733,folk
Adamo,"Vous permettez, monsieur?",10,1964,146,2010,492,39,-8.817,119.459,4,1,0.635,0.376,0.0405,0,0.152,0.733,folk
Adamo,"Vous permettez, monsieur?",10,1964,146,2011,635,39,-8.817,119.459,4,1,0.635,0.376,0.0405,0,0.152,0.733,folk
Adamo,"Vous permettez, monsieur?",10,1964,146,2012,1243,39,-8.817,119.459,4,1,0.635,0.376,0.0405,0,0.152,0.733,folk
Adamo,"Vous permettez, monsieur?",10,1964,146,2013,1484,39,-8.817,119.459,4,1,0.635,0.376,0.0405,0,0.152,0.733,folk
Adamo,"Vous permettez, monsieur?",10,1964,146,2014,1646,39,-8.817,119.459,4,1,0.635,0.376,0.0405,0,0.152,0.733,folk
Adamo,"Vous permettez, monsieur?",10,1964,146,2015,1862,39,-8.817,119.459,4,1,0.635,0.376,0.0405,0,0.152,0.733,folk
"Amazing Stroopwafels, The ",Oude Maasweg,11,1982,16,1982,16,45,-15.428,89.774,4,1,0.751,0.259,0.0409,0.00029,0.123,0.131,folk
"Amazing Stroopwafels, The ",Oude Maasweg,11,1982,16,1999,191,45,-15.428,89.774,4,1,0.751,0.259,0.0409,0.00029,0.123,0.131,folk
"Amazing Stroopwafels, The ",Oude Maasweg,11,1982,16,2000,112,45,-15.428,89.774,4,1,0.751,0.259,0.0409,0.00029,0.123,0.131,folk
"Amazing Stroopwafels, The ",Oude Maasweg,11,1982,16,2001,46,45,-15.428,89.774,4,1,0.751,0.259,0.0409,0.00029,0.123,0.131,folk
"Amazing Stroopwafels, The ",Oude Maasweg,11,1982,16,2002,44,45,-15.428,89.774,4,1,0.751,0.259,0.0409,0.00029,0.123,0.131,folk
"Amazing Stroopwafels, The ",Oude Maasweg,11,1982,16,2003,49,45,-15.428,89.774,4,1,0.751,0.259,0.0409,0.00029,0.123,0.131,folk
"Amazing Stroopwafels, The ",Oude Maasweg,11,1982,16,2004,69,45,-15.428,89.774,4,1,0.751,0.259,0.0409,0.00029,0.123,0.131,folk
"Amazing Stroopwafels, The ",Oude Maasweg,11,1982,16,2005,26,45,-15.428,89.774,4,1,0.751,0.259,0.0409,0.00029,0.123,0.131,folk
"Amazing Stroopwafels, The ",Oude Maasweg,11,1982,16,2006,38,45,-15.428,89.774,4,1,0.751,0.259,0.0409,0.00029,0.123,0.131,folk
"Amazing Stroopwafels, The ",Oude Maasweg,11,1982,16,2007,16,45,-15.428,89.774,4,1,0.751,0.259,0.0409,0.00029,0.123,0.131,folk
"Amazing Stroopwafels, The ",Oude Maasweg,11,1982,16,2008,29,45,-15.428,89.774,4,1,0.751,0.259,0.0409,0.00029,0.123,0.131,folk
"Amazing Stroopwafels, The ",Oude Maasweg,11,1982,16,2009,66,45,-15.428,89.774,4,1,0.751,0.259,0.0409,0.00029,0.123,0.131,folk
"Amazing Stroopwafels, The ",Oude Maasweg,11,1982,16,2010,49,45,-15.428,89.774,4,1,0.751,0.259,0.0409,0.00029,0.123,0.131,folk
"Amazing Stroopwafels, The ",Oude Maasweg,11,1982,16,2011,81,45,-15.428,89.774,4,1,0.751,0.259,0.0409,0.00029,0.123,0.131,folk
"Amazing Stroopwafels, The ",Oude Maasweg,11,1982,16,2012,103,45,-15.428,89.774,4,1,0.751,0.259,0.0409,0.00029,0.123,0.131,folk
"Amazing Stroopwafels, The ",Oude Maasweg,11,1982,16,2013,108,45,-15.428,89.774,4,1,0.751,0.259,0.0409,0.00029,0.123,0.131,folk
"Amazing Stroopwafels, The ",Oude Maasweg,11,1982,16,2014,125,45,-15.428,89.774,4,1,0.751,0.259,0.0409,0.00029,0.123,0.131,folk
"Amazing Stroopwafels, The ",Oude Maasweg,11,1982,16,2015,149,45,-15.428,89.774,4,1,0.751,0.259,0.0409,0.00029,0.123,0.131,folk
"Amazing Stroopwafels, The ",Oude Maasweg,11,1982,16,2016,146,45,-15.428,89.774,4,1,0.751,0.259,0.0409,0.00029,0.123,0.131,folk
"Amazing Stroopwafels, The ",Oude Maasweg,11,1982,16,2017,153,45,-15.428,89.774,4,1,0.751,0.259,0.0409,0.00029,0.123,0.131,folk
"Amazing Stroopwafels, The ",Oude Maasweg,11,1982,16,2018,217,45,-15.428,89.774,4,1,0.751,0.259,0.0409,0.00029,0.123,0.131,folk
"Amazing Stroopwafels, The ",Oude Maasweg,11,1982,16,2019,199,45,-15.428,89.774,4,1,0.751,0.259,0.0409,0.00029,0.123,0.131,folk
Katie Melua,Nine Million Bicycles,12,2005,23,2005,23,36,-14.688,82.074,4,1,0.569,0.26,0.0304,0.00744,0.125,0.35,jazz
Katie Melua,Nine Million Bicycles,12,2005,23,2005,23,36,-14.688,82.074,4,1,0.569,0.26,0.0304,0.00744,0.125,0.35,jazz
Katie Melua,Nine Million Bicycles,12,2005,23,2006,32,36,-14.688,82.074,4,1,0.569,0.26,0.0304,0.00744,0.125,0.35,jazz
Katie Melua,Nine Million Bicycles,12,2005,23,2007,40,36,-14.688,82.074,4,1,0.569,0.26,0.0304,0.00744,0.125,0.35,jazz
Katie Melua,Nine Million Bicycles,12,2005,23,2008,58,36,-14.688,82.074,4,1,0.569,0.26,0.0304,0.00744,0.125,0.35,jazz
Katie Melua,Nine Million Bicycles,12,2005,23,2009,119,36,-14.688,82.074,4,1,0.569,0.26,0.0304,0.00744,0.125,0.35,jazz
Katie Melua,Nine Million Bicycles,12,2005,23,2010,125,36,-14.688,82.074,4,1,0.569,0.26,0.0304,0.00744,0.125,0.35,jazz
Katie Melua,Nine Million Bicycles,12,2005,23,2011,214,36,-14.688,82.074,4,1,0.569,0.26,0.0304,0.00744,0.125,0.35,jazz
Katie Melua,Nine Million Bicycles,12,2005,23,2012,379,36,-14.688,82.074,4,1,0.569,0.26,0.0304,0.00744,0.125,0.35,jazz
Katie Melua,Nine Million Bicycles,12,2005,23,2013,412,36,-14.688,82.074,4,1,0.569,0.26,0.0304,0.00744,0.125,0.35,jazz
Katie Melua,Nine Million Bicycles,12,2005,23,2014,472,36,-14.688,82.074,4,1,0.569,0.26,0.0304,0.00744,0.125,0.35,jazz
Katie Melua,Nine Million Bicycles,12,2005,23,2015,616,36,-14.688,82.074,4,1,0.569,0.26,0.0304,0.00744,0.125,0.35,jazz
Katie Melua,Nine Million Bicycles,12,2005,23,2016,776,36,-14.688,82.074,4,1,0.569,0.26,0.0304,0.00744,0.125,0.35,jazz
Katie Melua,Nine Million Bicycles,12,2005,23,2017,845,36,-14.688,82.074,4,1,0.569,0.26,0.0304,0.00744,0.125,0.35,jazz
Katie Melua,Nine Million Bicycles,12,2005,23,2018,966,36,-14.688,82.074,4,1,0.569,0.26,0.0304,0.00744,0.125,0.35,jazz
Katie Melua,Nine Million Bicycles,12,2005,23,2019,1110,36,-14.688,82.074,4,1,0.569,0.26,0.0304,0.00744,0.125,0.35,jazz
Dave Brubeck Quartet,Take Five,13,1962,279,1962,279,65,-13.193,174.322,5,0,0.454,0.26,0.0401,0.00078,0.0675,0.598,jazz
Dave Brubeck Quartet,Take Five,13,1962,279,1999,279,65,-13.193,174.322,5,0,0.454,0.26,0.0401,0.00078,0.0675,0.598,jazz
Dave Brubeck Quartet,Take Five,13,1962,279,2003,392,65,-13.193,174.322,5,0,0.454,0.26,0.0401,0.00078,0.0675,0.598,jazz
Dave Brubeck Quartet,Take Five,13,1962,279,2004,485,65,-13.193,174.322,5,0,0.454,0.26,0.0401,0.00078,0.0675,0.598,jazz
Dave Brubeck Quartet,Take Five,13,1962,279,2013,506,65,-13.193,174.322,5,0,0.454,0.26,0.0401,0.00078,0.0675,0.598,jazz
Dave Brubeck Quartet,Take Five,13,1962,279,2002,526,65,-13.193,174.322,5,0,0.454,0.26,0.0401,0.00078,0.0675,0.598,jazz
Dave Brubeck Quartet,Take Five,13,1962,279,2012,529,65,-13.193,174.322,5,0,0.454,0.26,0.0401,0.00078,0.0675,0.598,jazz
Dave Brubeck Quartet,Take Five,13,1962,279,2008,537,65,-13.193,174.322,5,0,0.454,0.26,0.0401,0.00078,0.0675,0.598,jazz
Dave Brubeck Quartet,Take Five,13,1962,279,2014,550,65,-13.193,174.322,5,0,0.454,0.26,0.0401,0.00078,0.0675,0.598,jazz
Dave Brubeck Quartet,Take Five,13,1962,279,2009,577,65,-13.193,174.322,5,0,0.454,0.26,0.0401,0.00078,0.0675,0.598,jazz
Dave Brubeck Quartet,Take Five,13,1962,279,2006,586,65,-13.193,174.322,5,0,0.454,0.26,0.0401,0.00078,0.0675,0.598,jazz
Dave Brubeck Quartet,Take Five,13,1962,279,2005,602,65,-13.193,174.322,5,0,0.454,0.26,0.0401,0.00078,0.0675,0.598,jazz
Dave Brubeck Quartet,Take Five,13,1962,279,2007,604,65,-13.193,174.322,5,0,0.454,0.26,0.0401,0.00078,0.0675,0.598,jazz
Dave Brubeck Quartet,Take Five,13,1962,279,2000,621,65,-13.193,174.322,5,0,0.454,0.26,0.0401,0.00078,0.0675,0.598,jazz
Dave Brubeck Quartet,Take Five,13,1962,279,2010,724,65,-13.193,174.322,5,0,0.454,0.26,0.0401,0.00078,0.0675,0.598,jazz
Dave Brubeck Quartet,Take Five,13,1962,279,2011,734,65,-13.193,174.322,5,0,0.454,0.26,0.0401,0.00078,0.0675,0.598,jazz
Dave Brubeck Quartet,Take Five,13,1962,279,2001,741,65,-13.193,174.322,5,0,0.454,0.26,0.0401,0.00078,0.0675,0.598,jazz
Dave Brubeck Quartet,Take Five,13,1962,279,2015,829,65,-13.193,174.322,5,0,0.454,0.26,0.0401,0.00078,0.0675,0.598,jazz
Dave Brubeck Quartet,Take Five,13,1962,279,2017,976,65,-13.193,174.322,5,0,0.454,0.26,0.0401,0.00078,0.0675,0.598,jazz
Dave Brubeck Quartet,Take Five,13,1962,279,2016,1165,65,-13.193,174.322,5,0,0.454,0.26,0.0401,0.00078,0.0675,0.598,jazz
Dave Brubeck Quartet,Take Five,13,1962,279,2018,1224,65,-13.193,174.322,5,0,0.454,0.26,0.0401,0.00078,0.0675,0.598,jazz
Dave Brubeck Quartet,Take Five,13,1962,279,2019,1298,65,-13.193,174.322,5,0,0.454,0.26,0.0401,0.00078,0.0675,0.598,jazz
Norah Jones,Don't Know Why,14,2002,314,2002,314,73,-11.775,88.174,4,1,0.732,0.198,0.028,1.10E-05,0.0659,0.618,jazz
Norah Jones,Don't Know Why,14,2002,314,2004,314,73,-11.775,88.174,4,1,0.732,0.198,0.028,1.10E-05,0.0659,0.618,jazz
Norah Jones,Don't Know Why,14,2002,314,2005,361,73,-11.775,88.174,4,1,0.732,0.198,0.028,1.10E-05,0.0659,0.618,jazz
Norah Jones,Don't Know Why,14,2002,314,2008,674,73,-11.775,88.174,4,1,0.732,0.198,0.028,1.10E-05,0.0659,0.618,jazz
Norah Jones,Don't Know Why,14,2002,314,2006,685,73,-11.775,88.174,4,1,0.732,0.198,0.028,1.10E-05,0.0659,0.618,jazz
Norah Jones,Don't Know Why,14,2002,314,2009,806,73,-11.775,88.174,4,1,0.732,0.198,0.028,1.10E-05,0.0659,0.618,jazz
Norah Jones,Don't Know Why,14,2002,314,2007,819,73,-11.775,88.174,4,1,0.732,0.198,0.028,1.10E-05,0.0659,0.618,jazz
Norah Jones,Don't Know Why,14,2002,314,2010,914,73,-11.775,88.174,4,1,0.732,0.198,0.028,1.10E-05,0.0659,0.618,jazz
Norah Jones,Don't Know Why,14,2002,314,2013,928,73,-11.775,88.174,4,1,0.732,0.198,0.028,1.10E-05,0.0659,0.618,jazz
Norah Jones,Don't Know Why,14,2002,314,2012,982,73,-11.775,88.174,4,1,0.732,0.198,0.028,1.10E-05,0.0659,0.618,jazz
Norah Jones,Don't Know Why,14,2002,314,2011,1112,73,-11.775,88.174,4,1,0.732,0.198,0.028,1.10E-05,0.0659,0.618,jazz
Norah Jones,Don't Know Why,14,2002,314,2014,1245,73,-11.775,88.174,4,1,0.732,0.198,0.028,1.10E-05,0.0659,0.618,jazz
Norah Jones,Don't Know Why,14,2002,314,2015,1298,73,-11.775,88.174,4,1,0.732,0.198,0.028,1.10E-05,0.0659,0.618,jazz
Norah Jones,Don't Know Why,14,2002,314,2018,1388,73,-11.775,88.174,4,1,0.732,0.198,0.028,1.10E-05,0.0659,0.618,jazz
Norah Jones,Don't Know Why,14,2002,314,2016,1547,73,-11.775,88.174,4,1,0.732,0.198,0.028,1.10E-05,0.0659,0.618,jazz
Norah Jones,Don't Know Why,14,2002,314,2019,1660,73,-11.775,88.174,4,1,0.732,0.198,0.028,1.10E-05,0.0659,0.618,jazz
Norah Jones,Don't Know Why,14,2002,314,2017,1828,73,-11.775,88.174,4,1,0.732,0.198,0.028,1.10E-05,0.0659,0.618,jazz
Adele,Someone like you,15,2011,6,2011,6,78,-8.251,135.109,4,1,0.559,0.33,0.0285,0,0.0975,0.285,pop
Adele,Someone like you,15,2011,6,2012,8,78,-8.251,135.109,4,1,0.559,0.33,0.0285,0,0.0975,0.285,pop
Adele,Someone like you,15,2011,6,2015,18,78,-8.251,135.109,4,1,0.559,0.33,0.0285,0,0.0975,0.285,pop
Adele,Someone like you,15,2011,6,2013,25,78,-8.251,135.109,4,1,0.559,0.33,0.0285,0,0.0975,0.285,pop
Adele,Someone like you,15,2011,6,2014,35,78,-8.251,135.109,4,1,0.559,0.33,0.0285,0,0.0975,0.285,pop
Adele,Someone like you,15,2011,6,2016,47,78,-8.251,135.109,4,1,0.559,0.33,0.0285,0,0.0975,0.285,pop
Adele,Someone like you,15,2011,6,2017,89,78,-8.251,135.109,4,1,0.559,0.33,0.0285,0,0.0975,0.285,pop
Adele,Someone like you,15,2011,6,2018,97,78,-8.251,135.109,4,1,0.559,0.33,0.0285,0,0.0975,0.285,pop
Adele,Someone like you,15,2011,6,2019,126,78,-8.251,135.109,4,1,0.559,0.33,0.0285,0,0.0975,0.285,pop
Coldplay,Fix You,16,2005,8,2009,1494,81,-8.74,138.265,4,1,0.209,0.418,0.0338,0.00195,0.113,0.123,pop
Coldplay,Fix You,16,2005,8,2010,235,81,-8.74,138.265,4,1,0.209,0.418,0.0338,0.00195,0.113,0.123,pop
Coldplay,Fix You,16,2005,8,2011,69,81,-8.74,138.265,4,1,0.209,0.418,0.0338,0.00195,0.113,0.123,pop
Coldplay,Fix You,16,2005,8,2012,40,81,-8.74,138.265,4,1,0.209,0.418,0.0338,0.00195,0.113,0.123,pop
Coldplay,Fix You,16,2005,8,2013,20,81,-8.74,138.265,4,1,0.209,0.418,0.0338,0.00195,0.113,0.123,pop
Coldplay,Fix You,16,2005,8,2014,15,81,-8.74,138.265,4,1,0.209,0.418,0.0338,0.00195,0.113,0.123,pop
Coldplay,Fix You,16,2005,8,2015,10,81,-8.74,138.265,4,1,0.209,0.418,0.0338,0.00195,0.113,0.123,pop
Coldplay,Fix You,16,2005,8,2016,11,81,-8.74,138.265,4,1,0.209,0.418,0.0338,0.00195,0.113,0.123,pop
Coldplay,Fix You,16,2005,8,2017,8,81,-8.74,138.265,4,1,0.209,0.418,0.0338,0.00195,0.113,0.123,pop
Coldplay,Fix You,16,2005,8,2018,9,81,-8.74,138.265,4,1,0.209,0.418,0.0338,0.00195,0.113,0.123,pop
Coldplay,Fix You,16,2005,8,2019,8,81,-8.74,138.265,4,1,0.209,0.418,0.0338,0.00195,0.113,0.123,pop
Robbie Williams,Angels,17,1998,11,2001,364,50,-6.708,150.14,4,1,0.437,0.586,0.0274,3.13E-06,0.0996,0.252,pop
Robbie Williams,Angels,17,1998,11,2002,114,50,-6.708,150.14,4,1,0.437,0.586,0.0274,3.13E-06,0.0996,0.252,pop
Robbie Williams,Angels,17,1998,11,2003,24,50,-6.708,150.14,4,1,0.437,0.586,0.0274,3.13E-06,0.0996,0.252,pop
Robbie Williams,Angels,17,1998,11,2004,44,50,-6.708,150.14,4,1,0.437,0.586,0.0274,3.13E-06,0.0996,0.252,pop
Robbie Williams,Angels,17,1998,11,2005,11,50,-6.708,150.14,4,1,0.437,0.586,0.0274,3.13E-06,0.0996,0.252,pop
Robbie Williams,Angels,17,1998,11,2006,18,50,-6.708,150.14,4,1,0.437,0.586,0.0274,3.13E-06,0.0996,0.252,pop
Robbie Williams,Angels,17,1998,11,2007,39,50,-6.708,150.14,4,1,0.437,0.586,0.0274,3.13E-06,0.0996,0.252,pop
Robbie Williams,Angels,17,1998,11,2008,24,50,-6.708,150.14,4,1,0.437,0.586,0.0274,3.13E-06,0.0996,0.252,pop
Robbie Williams,Angels,17,1998,11,2009,34,50,-6.708,150.14,4,1,0.437,0.586,0.0274,3.13E-06,0.0996,0.252,pop
Robbie Williams,Angels,17,1998,11,2010,37,50,-6.708,150.14,4,1,0.437,0.586,0.0274,3.13E-06,0.0996,0.252,pop
Robbie Williams,Angels,17,1998,11,2011,55,50,-6.708,150.14,4,1,0.437,0.586,0.0274,3.13E-06,0.0996,0.252,pop
Robbie Williams,Angels,17,1998,11,2012,41,50,-6.708,150.14,4,1,0.437,0.586,0.0274,3.13E-06,0.0996,0.252,pop
Robbie Williams,Angels,17,1998,11,2013,40,50,-6.708,150.14,4,1,0.437,0.586,0.0274,3.13E-06,0.0996,0.252,pop
Robbie Williams,Angels,17,1998,11,2014,75,50,-6.708,150.14,4,1,0.437,0.586,0.0274,3.13E-06,0.0996,0.252,pop
Robbie Williams,Angels,17,1998,11,2015,80,50,-6.708,150.14,4,1,0.437,0.586,0.0274,3.13E-06,0.0996,0.252,pop
Robbie Williams,Angels,17,1998,11,2016,74,50,-6.708,150.14,4,1,0.437,0.586,0.0274,3.13E-06,0.0996,0.252,pop
Robbie Williams,Angels,17,1998,11,2017,68,50,-6.708,150.14,4,1,0.437,0.586,0.0274,3.13E-06,0.0996,0.252,pop
Robbie Williams,Angels,17,1998,11,2018,76,50,-6.708,150.14,4,1,0.437,0.586,0.0274,3.13E-06,0.0996,0.252,pop
Robbie Williams,Angels,17,1998,11,2019,89,50,-6.708,150.14,4,1,0.437,0.586,0.0274,3.13E-06,0.0996,0.252,pop
Amy Winehouse,Back to black,18,2006,43,2011,1089,76,-3.304,123.28,4,1,0.49,0.725,0.0392,2.68E-05,0.0983,0.335,soul
Amy Winehouse,Back to black,18,2006,43,2012,97,76,-3.304,123.28,4,1,0.49,0.725,0.0392,2.68E-05,0.0983,0.335,soul
Amy Winehouse,Back to black,18,2006,43,2013,175,76,-3.304,123.28,4,1,0.49,0.725,0.0392,2.68E-05,0.0983,0.335,soul
Amy Winehouse,Back to black,18,2006,43,2014,153,76,-3.304,123.28,4,1,0.49,0.725,0.0392,2.68E-05,0.0983,0.335,soul
Amy Winehouse,Back to black,18,2006,43,2015,98,76,-3.304,123.28,4,1,0.49,0.725,0.0392,2.68E-05,0.0983,0.335,soul
Amy Winehouse,Back to black,18,2006,43,2016,45,76,-3.304,123.28,4,1,0.49,0.725,0.0392,2.68E-05,0.0983,0.335,soul
Amy Winehouse,Back to black,18,2006,43,2017,57,76,-3.304,123.28,4,1,0.49,0.725,0.0392,2.68E-05,0.0983,0.335,soul
Amy Winehouse,Back to black,18,2006,43,2018,43,76,-3.304,123.28,4,1,0.49,0.725,0.0392,2.68E-05,0.0983,0.335,soul
Amy Winehouse,Back to black,18,2006,43,2019,58,76,-3.304,123.28,4,1,0.49,0.725,0.0392,2.68E-05,0.0983,0.335,soul
Amy Winehouse,Valerie,19,2007,72,2009,253,60,-4.789,105.83,4,1,0.698,0.843,0.0544,0.000454,0.124,0.894,soul
Amy Winehouse,Valerie,19,2007,72,2010,236,60,-4.789,105.83,4,1,0.698,0.843,0.0544,0.000454,0.124,0.894,soul
Amy Winehouse,Valerie,19,2007,72,2011,72,60,-4.789,105.83,4,1,0.698,0.843,0.0544,0.000454,0.124,0.894,soul
Amy Winehouse,Valerie,19,2007,72,2012,139,60,-4.789,105.83,4,1,0.698,0.843,0.0544,0.000454,0.124,0.894,soul
Amy Winehouse,Valerie,19,2007,72,2013,203,60,-4.789,105.83,4,1,0.698,0.843,0.0544,0.000454,0.124,0.894,soul
Amy Winehouse,Valerie,19,2007,72,2014,522,60,-4.789,105.83,4,1,0.698,0.843,0.0544,0.000454,0.124,0.894,soul
Amy Winehouse,Valerie,19,2007,72,2015,532,60,-4.789,105.83,4,1,0.698,0.843,0.0544,0.000454,0.124,0.894,soul
Amy Winehouse,Valerie,19,2007,72,2016,646,60,-4.789,105.83,4,1,0.698,0.843,0.0544,0.000454,0.124,0.894,soul
Amy Winehouse,Valerie,19,2007,72,2017,509,60,-4.789,105.83,4,1,0.698,0.843,0.0544,0.000454,0.124,0.894,soul
Amy Winehouse,Valerie,19,2007,72,2018,317,60,-4.789,105.83,4,1,0.698,0.843,0.0544,0.000454,0.124,0.894,soul
Amy Winehouse,Valerie,19,2007,72,2019,357,60,-4.789,105.83,4,1,0.698,0.843,0.0544,0.000454,0.124,0.894,soul
"Earth, Wind & Fire",September,20,1979,117,1979,117,81,-7.288,125.901,4,1,0.694,0.831,0.0301,0.000892,0.25,0.98,soul
"Earth, Wind & Fire",September,20,1979,117,1999,550,81,-7.288,125.901,4,1,0.694,0.831,0.0301,0.000892,0.25,0.98,soul
"Earth, Wind & Fire",September,20,1979,117,2000,764,81,-7.288,125.901,4,1,0.694,0.831,0.0301,0.000892,0.25,0.98,soul
"Earth, Wind & Fire",September,20,1979,117,2001,814,81,-7.288,125.901,4,1,0.694,0.831,0.0301,0.000892,0.25,0.98,soul
"Earth, Wind & Fire",September,20,1979,117,2002,689,81,-7.288,125.901,4,1,0.694,0.831,0.0301,0.000892,0.25,0.98,soul
"Earth, Wind & Fire",September,20,1979,117,2003,833,81,-7.288,125.901,4,1,0.694,0.831,0.0301,0.000892,0.25,0.98,soul
"Earth, Wind & Fire",September,20,1979,117,2004,854,81,-7.288,125.901,4,1,0.694,0.831,0.0301,0.000892,0.25,0.98,soul
"Earth, Wind & Fire",September,20,1979,117,2005,1043,81,-7.288,125.901,4,1,0.694,0.831,0.0301,0.000892,0.25,0.98,soul
"Earth, Wind & Fire",September,20,1979,117,2006,813,81,-7.288,125.901,4,1,0.694,0.831,0.0301,0.000892,0.25,0.98,soul
"Earth, Wind & Fire",September,20,1979,117,2007,1109,81,-7.288,125.901,4,1,0.694,0.831,0.0301,0.000892,0.25,0.98,soul
"Earth, Wind & Fire",September,20,1979,117,2008,885,81,-7.288,125.901,4,1,0.694,0.831,0.0301,0.000892,0.25,0.98,soul
"Earth, Wind & Fire",September,20,1979,117,2009,875,81,-7.288,125.901,4,1,0.694,0.831,0.0301,0.000892,0.25,0.98,soul
"Earth, Wind & Fire",September,20,1979,117,2010,687,81,-7.288,125.901,4,1,0.694,0.831,0.0301,0.000892,0.25,0.98,soul
"Earth, Wind & Fire",September,20,1979,117,2011,793,81,-7.288,125.901,4,1,0.694,0.831,0.0301,0.000892,0.25,0.98,soul
"Earth, Wind & Fire",September,20,1979,117,2012,472,81,-7.288,125.901,4,1,0.694,0.831,0.0301,0.000892,0.25,0.98,soul
"Earth, Wind & Fire",September,20,1979,117,2013,290,81,-7.288,125.901,4,1,0.694,0.831,0.0301,0.000892,0.25,0.98,soul
"Earth, Wind & Fire",September,20,1979,117,2014,279,81,-7.288,125.901,4,1,0.694,0.831,0.0301,0.000892,0.25,0.98,soul
"Earth, Wind & Fire",September,20,1979,117,2015,243,81,-7.288,125.901,4,1,0.694,0.831,0.0301,0.000892,0.25,0.98,soul
"Earth, Wind & Fire",September,20,1979,117,2016,147,81,-7.288,125.901,4,1,0.694,0.831,0.0301,0.000892,0.25,0.98,soul
"Earth, Wind & Fire",September,20,1979,117,2017,149,81,-7.288,125.901,4,1,0.694,0.831,0.0301,0.000892,0.25,0.98,soul
"Earth, Wind & Fire",September,20,1979,117,2018,117,81,-7.288,125.901,4,1,0.694,0.831,0.0301,0.000892,0.25,0.98,soul
"Earth, Wind & Fire",September,20,1979,117,2019,170,81,-7.288,125.901,4,1,0.694,0.831,0.0301,0.000892,0.25,0.98,soul
