artist,title,title_index,release_year,hp,bill_year,bill_ranking,era,era_year,popularity,loudness,tempo,time,modality,danceability,energy,speechiness,instrumentalness,liveness,valence,genre
Queen,Bohemian Rhapsody,1,1975,1,1999,1,oldies,1920-1989,75,-9.961,143.883,4,0,0.392,0.402,0.0536,0,0.243,0.228,rock
Queen,Bohemian Rhapsody,1,1975,1,2000,1,oldies,1920-1989,75,-9.961,143.883,4,0,0.392,0.402,0.0536,0,0.243,0.228,rock
Queen,Bohemian Rhapsody,1,1975,1,2001,1,oldies,1920-1989,75,-9.961,143.883,4,0,0.392,0.402,0.0536,0,0.243,0.228,rock
Queen,Bohemian Rhapsody,1,1975,1,2002,1,oldies,1920-1989,75,-9.961,143.883,4,0,0.392,0.402,0.0536,0,0.243,0.228,rock
Queen,Bohemian Rhapsody,1,1975,1,2003,1,oldies,1920-1989,75,-9.961,143.883,4,0,0.392,0.402,0.0536,0,0.243,0.228,rock
Queen,Bohemian Rhapsody,1,1975,1,2004,1,oldies,1920-1989,75,-9.961,143.883,4,0,0.392,0.402,0.0536,0,0.243,0.228,rock
Queen,Bohemian Rhapsody,1,1975,1,2005,2,oldies,1920-1989,75,-9.961,143.883,4,0,0.392,0.402,0.0536,0,0.243,0.228,rock
Queen,Bohemian Rhapsody,1,1975,1,2006,1,oldies,1920-1989,75,-9.961,143.883,4,0,0.392,0.402,0.0536,0,0.243,0.228,rock
Queen,Bohemian Rhapsody,1,1975,1,2007,1,oldies,1920-1989,75,-9.961,143.883,4,0,0.392,0.402,0.0536,0,0.243,0.228,rock
Queen,Bohemian Rhapsody,1,1975,1,2008,1,oldies,1920-1989,75,-9.961,143.883,4,0,0.392,0.402,0.0536,0,0.243,0.228,rock
Queen,Bohemian Rhapsody,1,1975,1,2009,1,oldies,1920-1989,75,-9.961,143.883,4,0,0.392,0.402,0.0536,0,0.243,0.228,rock
Queen,Bohemian Rhapsody,1,1975,1,2010,2,oldies,1920-1989,75,-9.961,143.883,4,0,0.392,0.402,0.0536,0,0.243,0.228,rock
Queen,Bohemian Rhapsody,1,1975,1,2011,1,oldies,1920-1989,75,-9.961,143.883,4,0,0.392,0.402,0.0536,0,0.243,0.228,rock
Queen,Bohemian Rhapsody,1,1975,1,2012,1,oldies,1920-1989,75,-9.961,143.883,4,0,0.392,0.402,0.0536,0,0.243,0.228,rock
Queen,Bohemian Rhapsody,1,1975,1,2013,1,oldies,1920-1989,75,-9.961,143.883,4,0,0.392,0.402,0.0536,0,0.243,0.228,rock
Queen,Bohemian Rhapsody,1,1975,1,2014,2,oldies,1920-1989,75,-9.961,143.883,4,0,0.392,0.402,0.0536,0,0.243,0.228,rock
Queen,Bohemian Rhapsody,1,1975,1,2015,2,oldies,1920-1989,75,-9.961,143.883,4,0,0.392,0.402,0.0536,0,0.243,0.228,rock
Queen,Bohemian Rhapsody,1,1975,1,2016,1,oldies,1920-1989,75,-9.961,143.883,4,0,0.392,0.402,0.0536,0,0.243,0.228,rock
Queen,Bohemian Rhapsody,1,1975,1,2017,1,oldies,1920-1989,75,-9.961,143.883,4,0,0.392,0.402,0.0536,0,0.243,0.228,rock
Queen,Bohemian Rhapsody,1,1975,1,2018,1,oldies,1920-1989,75,-9.961,143.883,4,0,0.392,0.402,0.0536,0,0.243,0.228,rock
Queen,Bohemian Rhapsody,1,1975,1,2019,1,oldies,1920-1989,75,-9.961,143.883,4,0,0.392,0.402,0.0536,0,0.243,0.228,rock
Coldplay,Clocks,2,2003,6,2011,10,2000s,2000-2020,76,-7.215,130.969,4,0,0.577,0.749,0.0279,0.0112,0.183,0.261,pop
Coldplay,Clocks,2,2003,6,2012,9,2000s,2000-2020,76,-7.215,130.969,4,0,0.577,0.749,0.0279,0.0112,0.183,0.261,pop
Coldplay,Clocks,2,2003,6,2013,12,2000s,2000-2020,76,-7.215,130.969,4,0,0.577,0.749,0.0279,0.0112,0.183,0.261,pop
Coldplay,Clocks,2,2003,6,2014,20,2000s,2000-2020,76,-7.215,130.969,4,0,0.577,0.749,0.0279,0.0112,0.183,0.261,pop
Coldplay,Clocks,2,2003,6,2015,29,2000s,2000-2020,76,-7.215,130.969,4,0,0.577,0.749,0.0279,0.0112,0.183,0.261,pop
Coldplay,Clocks,2,2003,6,2016,36,2000s,2000-2020,76,-7.215,130.969,4,0,0.577,0.749,0.0279,0.0112,0.183,0.261,pop
Coldplay,Clocks,2,2003,6,2017,46,2000s,2000-2020,76,-7.215,130.969,4,0,0.577,0.749,0.0279,0.0112,0.183,0.261,pop
Coldplay,Clocks,2,2003,6,2018,57,2000s,2000-2020,76,-7.215,130.969,4,0,0.577,0.749,0.0279,0.0112,0.183,0.261,pop
Coldplay,Clocks,2,2003,6,2019,80,2000s,2000-2020,76,-7.215,130.969,4,0,0.577,0.749,0.0279,0.0112,0.183,0.261,pop
John Lennon,Imagine,3,1971,1,1999,7,oldies,1920-1989,78,-12.358,75.752,4,1,0.547,0.257,0.0252,0.183,0.0935,0.169,rock
John Lennon,Imagine,3,1971,1,2000,7,oldies,1920-1989,78,-12.358,75.752,4,1,0.547,0.257,0.0252,0.183,0.0935,0.169,rock
John Lennon,Imagine,3,1971,1,2001,11,oldies,1920-1989,78,-12.358,75.752,4,1,0.547,0.257,0.0252,0.183,0.0935,0.169,rock
John Lennon,Imagine,3,1971,1,2002,11,oldies,1920-1989,78,-12.358,75.752,4,1,0.547,0.257,0.0252,0.183,0.0935,0.169,rock
John Lennon,Imagine,3,1971,1,2003,13,oldies,1920-1989,78,-12.358,75.752,4,1,0.547,0.257,0.0252,0.183,0.0935,0.169,rock
John Lennon,Imagine,3,1971,1,2004,9,oldies,1920-1989,78,-12.358,75.752,4,1,0.547,0.257,0.0252,0.183,0.0935,0.169,rock
John Lennon,Imagine,3,1971,1,2005,15,oldies,1920-1989,78,-12.358,75.752,4,1,0.547,0.257,0.0252,0.183,0.0935,0.169,rock
John Lennon,Imagine,3,1971,1,2006,15,oldies,1920-1989,78,-12.358,75.752,4,1,0.547,0.257,0.0252,0.183,0.0935,0.169,rock
John Lennon,Imagine,3,1971,1,2007,41,oldies,1920-1989,78,-12.358,75.752,4,1,0.547,0.257,0.0252,0.183,0.0935,0.169,rock
John Lennon,Imagine,3,1971,1,2008,15,oldies,1920-1989,78,-12.358,75.752,4,1,0.547,0.257,0.0252,0.183,0.0935,0.169,rock
John Lennon,Imagine,3,1971,1,2009,41,oldies,1920-1989,78,-12.358,75.752,4,1,0.547,0.257,0.0252,0.183,0.0935,0.169,rock
John Lennon,Imagine,3,1971,1,2010,26,oldies,1920-1989,78,-12.358,75.752,4,1,0.547,0.257,0.0252,0.183,0.0935,0.169,rock
John Lennon,Imagine,3,1971,1,2011,28,oldies,1920-1989,78,-12.358,75.752,4,1,0.547,0.257,0.0252,0.183,0.0935,0.169,rock
John Lennon,Imagine,3,1971,1,2012,22,oldies,1920-1989,78,-12.358,75.752,4,1,0.547,0.257,0.0252,0.183,0.0935,0.169,rock
John Lennon,Imagine,3,1971,1,2013,23,oldies,1920-1989,78,-12.358,75.752,4,1,0.547,0.257,0.0252,0.183,0.0935,0.169,rock
John Lennon,Imagine,3,1971,1,2014,38,oldies,1920-1989,78,-12.358,75.752,4,1,0.547,0.257,0.0252,0.183,0.0935,0.169,rock
John Lennon,Imagine,3,1971,1,2015,1,oldies,1920-1989,78,-12.358,75.752,4,1,0.547,0.257,0.0252,0.183,0.0935,0.169,rock
John Lennon,Imagine,3,1971,1,2016,12,oldies,1920-1989,78,-12.358,75.752,4,1,0.547,0.257,0.0252,0.183,0.0935,0.169,rock
John Lennon,Imagine,3,1971,1,2017,16,oldies,1920-1989,78,-12.358,75.752,4,1,0.547,0.257,0.0252,0.183,0.0935,0.169,rock
John Lennon,Imagine,3,1971,1,2018,16,oldies,1920-1989,78,-12.358,75.752,4,1,0.547,0.257,0.0252,0.183,0.0935,0.169,rock
John Lennon,Imagine,3,1971,1,2019,29,oldies,1920-1989,78,-12.358,75.752,4,1,0.547,0.257,0.0252,0.183,0.0935,0.169,rock
Adele,Someone like you,4,2011,6,2011,6,2000s,2000-2020,78,-8.251,135.109,4,1,0.559,0.33,0.0285,0,0.0975,0.285,pop
Adele,Someone like you,4,2011,6,2012,8,2000s,2000-2020,78,-8.251,135.109,4,1,0.559,0.33,0.0285,0,0.0975,0.285,pop
Adele,Someone like you,4,2011,6,2015,18,2000s,2000-2020,78,-8.251,135.109,4,1,0.559,0.33,0.0285,0,0.0975,0.285,pop
Adele,Someone like you,4,2011,6,2013,25,2000s,2000-2020,78,-8.251,135.109,4,1,0.559,0.33,0.0285,0,0.0975,0.285,pop
Adele,Someone like you,4,2011,6,2014,35,2000s,2000-2020,78,-8.251,135.109,4,1,0.559,0.33,0.0285,0,0.0975,0.285,pop
Adele,Someone like you,4,2011,6,2016,47,2000s,2000-2020,78,-8.251,135.109,4,1,0.559,0.33,0.0285,0,0.0975,0.285,pop
Adele,Someone like you,4,2011,6,2017,89,2000s,2000-2020,78,-8.251,135.109,4,1,0.559,0.33,0.0285,0,0.0975,0.285,pop
Adele,Someone like you,4,2011,6,2018,97,2000s,2000-2020,78,-8.251,135.109,4,1,0.559,0.33,0.0285,0,0.0975,0.285,pop
Adele,Someone like you,4,2011,6,2019,126,2000s,2000-2020,78,-8.251,135.109,4,1,0.559,0.33,0.0285,0,0.0975,0.285,pop
Coldplay,Fix You,5,2005,8,2009,1494,2000s,2000-2020,81,-8.74,138.265,4,1,0.209,0.418,0.0338,0.00195,0.113,0.123,pop
Coldplay,Fix You,5,2005,8,2010,235,2000s,2000-2020,81,-8.74,138.265,4,1,0.209,0.418,0.0338,0.00195,0.113,0.123,pop
Coldplay,Fix You,5,2005,8,2011,69,2000s,2000-2020,81,-8.74,138.265,4,1,0.209,0.418,0.0338,0.00195,0.113,0.123,pop
Coldplay,Fix You,5,2005,8,2012,40,2000s,2000-2020,81,-8.74,138.265,4,1,0.209,0.418,0.0338,0.00195,0.113,0.123,pop
Coldplay,Fix You,5,2005,8,2013,20,2000s,2000-2020,81,-8.74,138.265,4,1,0.209,0.418,0.0338,0.00195,0.113,0.123,pop
Coldplay,Fix You,5,2005,8,2014,15,2000s,2000-2020,81,-8.74,138.265,4,1,0.209,0.418,0.0338,0.00195,0.113,0.123,pop
Coldplay,Fix You,5,2005,8,2015,10,2000s,2000-2020,81,-8.74,138.265,4,1,0.209,0.418,0.0338,0.00195,0.113,0.123,pop
Coldplay,Fix You,5,2005,8,2016,11,2000s,2000-2020,81,-8.74,138.265,4,1,0.209,0.418,0.0338,0.00195,0.113,0.123,pop
Coldplay,Fix You,5,2005,8,2017,8,2000s,2000-2020,81,-8.74,138.265,4,1,0.209,0.418,0.0338,0.00195,0.113,0.123,pop
Coldplay,Fix You,5,2005,8,2018,9,2000s,2000-2020,81,-8.74,138.265,4,1,0.209,0.418,0.0338,0.00195,0.113,0.123,pop
Coldplay,Fix You,5,2005,8,2019,8,2000s,2000-2020,81,-8.74,138.265,4,1,0.209,0.418,0.0338,0.00195,0.113,0.123,pop
Eagles,Hotel California,6,1977,1,1999,2,oldies,1920-1989,82,-9.484,147.125,4,1,0.579,0.508,0.027,0.000494,0.0575,0.609,rock
Eagles,Hotel California,6,1977,1,2000,4,oldies,1920-1989,82,-9.484,147.125,4,1,0.579,0.508,0.027,0.000494,0.0575,0.609,rock
Eagles,Hotel California,6,1977,1,2001,3,oldies,1920-1989,82,-9.484,147.125,4,1,0.579,0.508,0.027,0.000494,0.0575,0.609,rock
Eagles,Hotel California,6,1977,1,2002,3,oldies,1920-1989,82,-9.484,147.125,4,1,0.579,0.508,0.027,0.000494,0.0575,0.609,rock
Eagles,Hotel California,6,1977,1,2003,2,oldies,1920-1989,82,-9.484,147.125,4,1,0.579,0.508,0.027,0.000494,0.0575,0.609,rock
Eagles,Hotel California,6,1977,1,2004,2,oldies,1920-1989,82,-9.484,147.125,4,1,0.579,0.508,0.027,0.000494,0.0575,0.609,rock
Eagles,Hotel California,6,1977,1,2005,3,oldies,1920-1989,82,-9.484,147.125,4,1,0.579,0.508,0.027,0.000494,0.0575,0.609,rock
Eagles,Hotel California,6,1977,1,2006,3,oldies,1920-1989,82,-9.484,147.125,4,1,0.579,0.508,0.027,0.000494,0.0575,0.609,rock
Eagles,Hotel California,6,1977,1,2007,3,oldies,1920-1989,82,-9.484,147.125,4,1,0.579,0.508,0.027,0.000494,0.0575,0.609,rock
Eagles,Hotel California,6,1977,1,2008,2,oldies,1920-1989,82,-9.484,147.125,4,1,0.579,0.508,0.027,0.000494,0.0575,0.609,rock
Eagles,Hotel California,6,1977,1,2009,2,oldies,1920-1989,82,-9.484,147.125,4,1,0.579,0.508,0.027,0.000494,0.0575,0.609,rock
Eagles,Hotel California,6,1977,1,2010,1,oldies,1920-1989,82,-9.484,147.125,4,1,0.579,0.508,0.027,0.000494,0.0575,0.609,rock
Eagles,Hotel California,6,1977,1,2011,2,oldies,1920-1989,82,-9.484,147.125,4,1,0.579,0.508,0.027,0.000494,0.0575,0.609,rock
Eagles,Hotel California,6,1977,1,2012,2,oldies,1920-1989,82,-9.484,147.125,4,1,0.579,0.508,0.027,0.000494,0.0575,0.609,rock
Eagles,Hotel California,6,1977,1,2013,2,oldies,1920-1989,82,-9.484,147.125,4,1,0.579,0.508,0.027,0.000494,0.0575,0.609,rock
Eagles,Hotel California,6,1977,1,2014,1,oldies,1920-1989,82,-9.484,147.125,4,1,0.579,0.508,0.027,0.000494,0.0575,0.609,rock
Eagles,Hotel California,6,1977,1,2015,3,oldies,1920-1989,82,-9.484,147.125,4,1,0.579,0.508,0.027,0.000494,0.0575,0.609,rock
Eagles,Hotel California,6,1977,1,2016,2,oldies,1920-1989,82,-9.484,147.125,4,1,0.579,0.508,0.027,0.000494,0.0575,0.609,rock
Eagles,Hotel California,6,1977,1,2017,2,oldies,1920-1989,82,-9.484,147.125,4,1,0.579,0.508,0.027,0.000494,0.0575,0.609,rock
Eagles,Hotel California,6,1977,1,2018,2,oldies,1920-1989,82,-9.484,147.125,4,1,0.579,0.508,0.027,0.000494,0.0575,0.609,rock
Eagles,Hotel California,6,1977,1,2019,2,oldies,1920-1989,82,-9.484,147.125,4,1,0.579,0.508,0.027,0.000494,0.0575,0.609,rock
Imagine Dragons,Believer,7,2017,336,2017,1178,2000s,2000-2020,88,-4.374,124.949,4,0,0.776,0.78,0.128,0,0.081,0.666,rock
Imagine Dragons,Believer,7,2017,336,2018,336,2000s,2000-2020,88,-4.374,124.949,4,0,0.776,0.78,0.128,0,0.081,0.666,rock
Imagine Dragons,Believer,7,2017,336,2019,378,2000s,2000-2020,88,-4.374,124.949,4,0,0.776,0.78,0.128,0,0.081,0.666,rock
Imagine Dragons,Thunder,8,2017,458,2017,935,2000s,2000-2020,85,-4.833,167.997,4,1,0.605,0.822,0.0438,0.134,0.147,0.288,rock
Imagine Dragons,Thunder,8,2017,458,2018,458,2000s,2000-2020,85,-4.833,167.997,4,1,0.605,0.822,0.0438,0.134,0.147,0.288,rock
Imagine Dragons,Thunder,8,2017,458,2019,742,2000s,2000-2020,85,-4.833,167.997,4,1,0.605,0.822,0.0438,0.134,0.147,0.288,rock
Toto,Africa,9,1982,8,1999,34,oldies,1920-1989,83,-18.064,92.717,4,1,0.671,0.373,0.0323,7.95E-05,0.0481,0.732,rock
Toto,Africa,9,1982,8,2000,49,oldies,1920-1989,83,-18.064,92.717,4,1,0.671,0.373,0.0323,7.95E-05,0.0481,0.732,rock
Toto,Africa,9,1982,8,2001,33,oldies,1920-1989,83,-18.064,92.717,4,1,0.671,0.373,0.0323,7.95E-05,0.0481,0.732,rock
Toto,Africa,9,1982,8,2002,39,oldies,1920-1989,83,-18.064,92.717,4,1,0.671,0.373,0.0323,7.95E-05,0.0481,0.732,rock
Toto,Africa,9,1982,8,2003,52,oldies,1920-1989,83,-18.064,92.717,4,1,0.671,0.373,0.0323,7.95E-05,0.0481,0.732,rock
Toto,Africa,9,1982,8,2004,63,oldies,1920-1989,83,-18.064,92.717,4,1,0.671,0.373,0.0323,7.95E-05,0.0481,0.732,rock
Toto,Africa,9,1982,8,2005,70,oldies,1920-1989,83,-18.064,92.717,4,1,0.671,0.373,0.0323,7.95E-05,0.0481,0.732,rock
Toto,Africa,9,1982,8,2006,75,oldies,1920-1989,83,-18.064,92.717,4,1,0.671,0.373,0.0323,7.95E-05,0.0481,0.732,rock
Toto,Africa,9,1982,8,2007,110,oldies,1920-1989,83,-18.064,92.717,4,1,0.671,0.373,0.0323,7.95E-05,0.0481,0.732,rock
Toto,Africa,9,1982,8,2008,66,oldies,1920-1989,83,-18.064,92.717,4,1,0.671,0.373,0.0323,7.95E-05,0.0481,0.732,rock
Toto,Africa,9,1982,8,2009,100,oldies,1920-1989,83,-18.064,92.717,4,1,0.671,0.373,0.0323,7.95E-05,0.0481,0.732,rock
Toto,Africa,9,1982,8,2010,97,oldies,1920-1989,83,-18.064,92.717,4,1,0.671,0.373,0.0323,7.95E-05,0.0481,0.732,rock
Toto,Africa,9,1982,8,2011,87,oldies,1920-1989,83,-18.064,92.717,4,1,0.671,0.373,0.0323,7.95E-05,0.0481,0.732,rock
Toto,Africa,9,1982,8,2012,62,oldies,1920-1989,83,-18.064,92.717,4,1,0.671,0.373,0.0323,7.95E-05,0.0481,0.732,rock
Toto,Africa,9,1982,8,2013,28,oldies,1920-1989,83,-18.064,92.717,4,1,0.671,0.373,0.0323,7.95E-05,0.0481,0.732,rock
Toto,Africa,9,1982,8,2014,51,oldies,1920-1989,83,-18.064,92.717,4,1,0.671,0.373,0.0323,7.95E-05,0.0481,0.732,rock
Toto,Africa,9,1982,8,2015,42,oldies,1920-1989,83,-18.064,92.717,4,1,0.671,0.373,0.0323,7.95E-05,0.0481,0.732,rock
Toto,Africa,9,1982,8,2016,30,oldies,1920-1989,83,-18.064,92.717,4,1,0.671,0.373,0.0323,7.95E-05,0.0481,0.732,rock
Toto,Africa,9,1982,8,2017,25,oldies,1920-1989,83,-18.064,92.717,4,1,0.671,0.373,0.0323,7.95E-05,0.0481,0.732,rock
Toto,Africa,9,1982,8,2018,8,oldies,1920-1989,83,-18.064,92.717,4,1,0.671,0.373,0.0323,7.95E-05,0.0481,0.732,rock
Toto,Africa,9,1982,8,2019,11,oldies,1920-1989,83,-18.064,92.717,4,1,0.671,0.373,0.0323,7.95E-05,0.0481,0.732,rock
Twenty One Pilots,Stressed out,10,2015,868,2016,1398,2000s,2000-2020,83,-5.677,169.977,4,0,0.734,0.637,0.141,2.29E-05,0.0602,0.648,rock
Twenty One Pilots,Stressed out,10,2015,868,2017,1080,2000s,2000-2020,83,-5.677,169.977,4,0,0.734,0.637,0.141,2.29E-05,0.0602,0.648,rock
Twenty One Pilots,Stressed out,10,2015,868,2018,868,2000s,2000-2020,83,-5.677,169.977,4,0,0.734,0.637,0.141,2.29E-05,0.0602,0.648,rock
Twenty One Pilots,Stressed out,10,2015,868,2019,896,2000s,2000-2020,83,-5.677,169.977,4,0,0.734,0.637,0.141,2.29E-05,0.0602,0.648,rock
AC/DC,Highway to hell,11,1979,43,2011,128,oldies,1920-1989,83,-4.793,115.715,4,0,0.573,0.913,0.132,0.00173,0.156,0.422,rock
AC/DC,Highway to hell,11,1979,43,2012,114,oldies,1920-1989,83,-4.793,115.715,4,0,0.573,0.913,0.132,0.00173,0.156,0.422,rock
AC/DC,Highway to hell,11,1979,43,2013,121,oldies,1920-1989,83,-4.793,115.715,4,0,0.573,0.913,0.132,0.00173,0.156,0.422,rock
AC/DC,Highway to hell,11,1979,43,2014,66,oldies,1920-1989,83,-4.793,115.715,4,0,0.573,0.913,0.132,0.00173,0.156,0.422,rock
AC/DC,Highway to hell,11,1979,43,2015,91,oldies,1920-1989,83,-4.793,115.715,4,0,0.573,0.913,0.132,0.00173,0.156,0.422,rock
AC/DC,Highway to hell,11,1979,43,2016,65,oldies,1920-1989,83,-4.793,115.715,4,0,0.573,0.913,0.132,0.00173,0.156,0.422,rock
AC/DC,Highway to hell,11,1979,43,2017,43,oldies,1920-1989,83,-4.793,115.715,4,0,0.573,0.913,0.132,0.00173,0.156,0.422,rock
AC/DC,Highway to hell,11,1979,43,2018,59,oldies,1920-1989,83,-4.793,115.715,4,0,0.573,0.913,0.132,0.00173,0.156,0.422,rock
AC/DC,Highway to hell,11,1979,43,2019,66,oldies,1920-1989,83,-4.793,115.715,4,0,0.573,0.913,0.132,0.00173,0.156,0.422,rock
Bon Jovi,Livin' on a prayer,12,1986,176,2000,176,oldies,1920-1989,83,-3.757,122.511,4,1,0.532,0.887,0.0335,0.000214,0.294,0.795,rock
Bon Jovi,Livin' on a prayer,12,1986,176,2001,258,oldies,1920-1989,83,-3.757,122.511,4,1,0.532,0.887,0.0335,0.000214,0.294,0.795,rock
Bon Jovi,Livin' on a prayer,12,1986,176,2002,198,oldies,1920-1989,83,-3.757,122.511,4,1,0.532,0.887,0.0335,0.000214,0.294,0.795,rock
Bon Jovi,Livin' on a prayer,12,1986,176,2003,256,oldies,1920-1989,83,-3.757,122.511,4,1,0.532,0.887,0.0335,0.000214,0.294,0.795,rock
Bon Jovi,Livin' on a prayer,12,1986,176,2004,337,oldies,1920-1989,83,-3.757,122.511,4,1,0.532,0.887,0.0335,0.000214,0.294,0.795,rock
Bon Jovi,Livin' on a prayer,12,1986,176,2005,363,oldies,1920-1989,83,-3.757,122.511,4,1,0.532,0.887,0.0335,0.000214,0.294,0.795,rock
Bon Jovi,Livin' on a prayer,12,1986,176,2006,671,oldies,1920-1989,83,-3.757,122.511,4,1,0.532,0.887,0.0335,0.000214,0.294,0.795,rock
Bon Jovi,Livin' on a prayer,12,1986,176,2007,478,oldies,1920-1989,83,-3.757,122.511,4,1,0.532,0.887,0.0335,0.000214,0.294,0.795,rock
Bon Jovi,Livin' on a prayer,12,1986,176,2008,409,oldies,1920-1989,83,-3.757,122.511,4,1,0.532,0.887,0.0335,0.000214,0.294,0.795,rock
Bon Jovi,Livin' on a prayer,12,1986,176,2009,501,oldies,1920-1989,83,-3.757,122.511,4,1,0.532,0.887,0.0335,0.000214,0.294,0.795,rock
Bon Jovi,Livin' on a prayer,12,1986,176,2010,482,oldies,1920-1989,83,-3.757,122.511,4,1,0.532,0.887,0.0335,0.000214,0.294,0.795,rock
Bon Jovi,Livin' on a prayer,12,1986,176,2011,436,oldies,1920-1989,83,-3.757,122.511,4,1,0.532,0.887,0.0335,0.000214,0.294,0.795,rock
Bon Jovi,Livin' on a prayer,12,1986,176,2012,416,oldies,1920-1989,83,-3.757,122.511,4,1,0.532,0.887,0.0335,0.000214,0.294,0.795,rock
Bon Jovi,Livin' on a prayer,12,1986,176,2013,328,oldies,1920-1989,83,-3.757,122.511,4,1,0.532,0.887,0.0335,0.000214,0.294,0.795,rock
Bon Jovi,Livin' on a prayer,12,1986,176,2014,504,oldies,1920-1989,83,-3.757,122.511,4,1,0.532,0.887,0.0335,0.000214,0.294,0.795,rock
Bon Jovi,Livin' on a prayer,12,1986,176,2015,425,oldies,1920-1989,83,-3.757,122.511,4,1,0.532,0.887,0.0335,0.000214,0.294,0.795,rock
Bon Jovi,Livin' on a prayer,12,1986,176,2016,409,oldies,1920-1989,83,-3.757,122.511,4,1,0.532,0.887,0.0335,0.000214,0.294,0.795,rock
Bon Jovi,Livin' on a prayer,12,1986,176,2017,374,oldies,1920-1989,83,-3.757,122.511,4,1,0.532,0.887,0.0335,0.000214,0.294,0.795,rock
Bon Jovi,Livin' on a prayer,12,1986,176,2018,255,oldies,1920-1989,83,-3.757,122.511,4,1,0.532,0.887,0.0335,0.000214,0.294,0.795,rock
Bon Jovi,Livin' on a prayer,12,1986,176,2019,293,oldies,1920-1989,83,-3.757,122.511,4,1,0.532,0.887,0.0335,0.000214,0.294,0.795,rock
Twenty One Pilots,Stressed out,10,2015,868,2016,1398,2000s,2000-2020,83,-5.677,169.977,4,0,0.734,0.637,0.141,2.29E-05,0.0602,0.648,rock
Twenty One Pilots,Stressed out,10,2015,868,2017,1080,2000s,2000-2020,83,-5.677,169.977,4,0,0.734,0.637,0.141,2.29E-05,0.0602,0.648,rock
Twenty One Pilots,Stressed out,10,2015,868,2018,868,2000s,2000-2020,83,-5.677,169.977,4,0,0.734,0.637,0.141,2.29E-05,0.0602,0.648,rock
Twenty One Pilots,Stressed out,10,2015,868,2019,896,2000s,2000-2020,83,-5.677,169.977,4,0,0.734,0.637,0.141,2.29E-05,0.0602,0.648,rock
Radiohead,Creep,13,1993,65,2007,176,90s,1990-1999,82,-9.935,91.841,4,1,0.515,0.43,0.0369,0.000141,0.129,0.104,rock
Radiohead,Creep,13,1993,65,2008,1018,90s,1990-1999,82,-9.935,91.841,4,1,0.515,0.43,0.0369,0.000141,0.129,0.104,rock
Radiohead,Creep,13,1993,65,2009,283,90s,1990-1999,82,-9.935,91.841,4,1,0.515,0.43,0.0369,0.000141,0.129,0.104,rock
Radiohead,Creep,13,1993,65,2010,130,90s,1990-1999,82,-9.935,91.841,4,1,0.515,0.43,0.0369,0.000141,0.129,0.104,rock
Radiohead,Creep,13,1993,65,2011,129,90s,1990-1999,82,-9.935,91.841,4,1,0.515,0.43,0.0369,0.000141,0.129,0.104,rock
Radiohead,Creep,13,1993,65,2012,116,90s,1990-1999,82,-9.935,91.841,4,1,0.515,0.43,0.0369,0.000141,0.129,0.104,rock
Radiohead,Creep,13,1993,65,2013,115,90s,1990-1999,82,-9.935,91.841,4,1,0.515,0.43,0.0369,0.000141,0.129,0.104,rock
Radiohead,Creep,13,1993,65,2014,102,90s,1990-1999,82,-9.935,91.841,4,1,0.515,0.43,0.0369,0.000141,0.129,0.104,rock
Radiohead,Creep,13,1993,65,2015,117,90s,1990-1999,82,-9.935,91.841,4,1,0.515,0.43,0.0369,0.000141,0.129,0.104,rock
Radiohead,Creep,13,1993,65,2016,75,90s,1990-1999,82,-9.935,91.841,4,1,0.515,0.43,0.0369,0.000141,0.129,0.104,rock
Radiohead,Creep,13,1993,65,2017,65,90s,1990-1999,82,-9.935,91.841,4,1,0.515,0.43,0.0369,0.000141,0.129,0.104,rock
Radiohead,Creep,13,1993,65,2018,87,90s,1990-1999,82,-9.935,91.841,4,1,0.515,0.43,0.0369,0.000141,0.129,0.104,rock
Radiohead,Creep,13,1993,65,2019,83,90s,1990-1999,82,-9.935,91.841,4,1,0.515,0.43,0.0369,0.000141,0.129,0.104,rock
R.E.M.,Losing my religion,14,1991,15,1999,25,90s,1990-1999,81,-5.051,125.639,4,0,0.666,0.855,0.0295,1.20E-06,0.0987,0.803,rock
R.E.M.,Losing my religion,14,1991,15,2000,15,90s,1990-1999,81,-5.051,125.639,4,0,0.666,0.855,0.0295,1.20E-06,0.0987,0.803,rock
R.E.M.,Losing my religion,14,1991,15,2001,37,90s,1990-1999,81,-5.051,125.639,4,0,0.666,0.855,0.0295,1.20E-06,0.0987,0.803,rock
R.E.M.,Losing my religion,14,1991,15,2002,42,90s,1990-1999,81,-5.051,125.639,4,0,0.666,0.855,0.0295,1.20E-06,0.0987,0.803,rock
R.E.M.,Losing my religion,14,1991,15,2003,33,90s,1990-1999,81,-5.051,125.639,4,0,0.666,0.855,0.0295,1.20E-06,0.0987,0.803,rock
R.E.M.,Losing my religion,14,1991,15,2004,46,90s,1990-1999,81,-5.051,125.639,4,0,0.666,0.855,0.0295,1.20E-06,0.0987,0.803,rock
R.E.M.,Losing my religion,14,1991,15,2005,76,90s,1990-1999,81,-5.051,125.639,4,0,0.666,0.855,0.0295,1.20E-06,0.0987,0.803,rock
R.E.M.,Losing my religion,14,1991,15,2006,79,90s,1990-1999,81,-5.051,125.639,4,0,0.666,0.855,0.0295,1.20E-06,0.0987,0.803,rock
R.E.M.,Losing my religion,14,1991,15,2007,132,90s,1990-1999,81,-5.051,125.639,4,0,0.666,0.855,0.0295,1.20E-06,0.0987,0.803,rock
R.E.M.,Losing my religion,14,1991,15,2008,60,90s,1990-1999,81,-5.051,125.639,4,0,0.666,0.855,0.0295,1.20E-06,0.0987,0.803,rock
R.E.M.,Losing my religion,14,1991,15,2009,67,90s,1990-1999,81,-5.051,125.639,4,0,0.666,0.855,0.0295,1.20E-06,0.0987,0.803,rock
R.E.M.,Losing my religion,14,1991,15,2010,83,90s,1990-1999,81,-5.051,125.639,4,0,0.666,0.855,0.0295,1.20E-06,0.0987,0.803,rock
R.E.M.,Losing my religion,14,1991,15,2011,68,90s,1990-1999,81,-5.051,125.639,4,0,0.666,0.855,0.0295,1.20E-06,0.0987,0.803,rock
R.E.M.,Losing my religion,14,1991,15,2012,118,90s,1990-1999,81,-5.051,125.639,4,0,0.666,0.855,0.0295,1.20E-06,0.0987,0.803,rock
R.E.M.,Losing my religion,14,1991,15,2013,111,90s,1990-1999,81,-5.051,125.639,4,0,0.666,0.855,0.0295,1.20E-06,0.0987,0.803,rock
R.E.M.,Losing my religion,14,1991,15,2014,126,90s,1990-1999,81,-5.051,125.639,4,0,0.666,0.855,0.0295,1.20E-06,0.0987,0.803,rock
R.E.M.,Losing my religion,14,1991,15,2015,112,90s,1990-1999,81,-5.051,125.639,4,0,0.666,0.855,0.0295,1.20E-06,0.0987,0.803,rock
R.E.M.,Losing my religion,14,1991,15,2016,80,90s,1990-1999,81,-5.051,125.639,4,0,0.666,0.855,0.0295,1.20E-06,0.0987,0.803,rock
R.E.M.,Losing my religion,14,1991,15,2017,73,90s,1990-1999,81,-5.051,125.639,4,0,0.666,0.855,0.0295,1.20E-06,0.0987,0.803,rock
R.E.M.,Losing my religion,14,1991,15,2018,84,90s,1990-1999,81,-5.051,125.639,4,0,0.666,0.855,0.0295,1.20E-06,0.0987,0.803,rock
R.E.M.,Losing my religion,14,1991,15,2019,112,90s,1990-1999,81,-5.051,125.639,4,0,0.666,0.855,0.0295,1.20E-06,0.0987,0.803,rock
Bryan Adams,Summer of '69,15,1990,43,1999,45,90s,1990-1999,81,-6.205,139.131,4,1,0.508,0.834,0.0386,0,0.0732,0.774,rock
Bryan Adams,Summer of '69,15,1990,43,2000,43,90s,1990-1999,81,-6.205,139.131,4,1,0.508,0.834,0.0386,0,0.0732,0.774,rock
Bryan Adams,Summer of '69,15,1990,43,2001,94,90s,1990-1999,81,-6.205,139.131,4,1,0.508,0.834,0.0386,0,0.0732,0.774,rock
Bryan Adams,Summer of '69,15,1990,43,2002,51,90s,1990-1999,81,-6.205,139.131,4,1,0.508,0.834,0.0386,0,0.0732,0.774,rock
Bryan Adams,Summer of '69,15,1990,43,2003,57,90s,1990-1999,81,-6.205,139.131,4,1,0.508,0.834,0.0386,0,0.0732,0.774,rock
Bryan Adams,Summer of '69,15,1990,43,2004,59,90s,1990-1999,81,-6.205,139.131,4,1,0.508,0.834,0.0386,0,0.0732,0.774,rock
Bryan Adams,Summer of '69,15,1990,43,2005,88,90s,1990-1999,81,-6.205,139.131,4,1,0.508,0.834,0.0386,0,0.0732,0.774,rock
Bryan Adams,Summer of '69,15,1990,43,2006,109,90s,1990-1999,81,-6.205,139.131,4,1,0.508,0.834,0.0386,0,0.0732,0.774,rock
Bryan Adams,Summer of '69,15,1990,43,2007,98,90s,1990-1999,81,-6.205,139.131,4,1,0.508,0.834,0.0386,0,0.0732,0.774,rock
Bryan Adams,Summer of '69,15,1990,43,2008,77,90s,1990-1999,81,-6.205,139.131,4,1,0.508,0.834,0.0386,0,0.0732,0.774,rock
Bryan Adams,Summer of '69,15,1990,43,2009,139,90s,1990-1999,81,-6.205,139.131,4,1,0.508,0.834,0.0386,0,0.0732,0.774,rock
Bryan Adams,Summer of '69,15,1990,43,2010,131,90s,1990-1999,81,-6.205,139.131,4,1,0.508,0.834,0.0386,0,0.0732,0.774,rock
Bryan Adams,Summer of '69,15,1990,43,2011,107,90s,1990-1999,81,-6.205,139.131,4,1,0.508,0.834,0.0386,0,0.0732,0.774,rock
Bryan Adams,Summer of '69,15,1990,43,2012,145,90s,1990-1999,81,-6.205,139.131,4,1,0.508,0.834,0.0386,0,0.0732,0.774,rock
Bryan Adams,Summer of '69,15,1990,43,2013,167,90s,1990-1999,81,-6.205,139.131,4,1,0.508,0.834,0.0386,0,0.0732,0.774,rock
Bryan Adams,Summer of '69,15,1990,43,2014,197,90s,1990-1999,81,-6.205,139.131,4,1,0.508,0.834,0.0386,0,0.0732,0.774,rock
Bryan Adams,Summer of '69,15,1990,43,2015,147,90s,1990-1999,81,-6.205,139.131,4,1,0.508,0.834,0.0386,0,0.0732,0.774,rock
Bryan Adams,Summer of '69,15,1990,43,2016,150,90s,1990-1999,81,-6.205,139.131,4,1,0.508,0.834,0.0386,0,0.0732,0.774,rock
Bryan Adams,Summer of '69,15,1990,43,2017,145,90s,1990-1999,81,-6.205,139.131,4,1,0.508,0.834,0.0386,0,0.0732,0.774,rock
Bryan Adams,Summer of '69,15,1990,43,2018,148,90s,1990-1999,81,-6.205,139.131,4,1,0.508,0.834,0.0386,0,0.0732,0.774,rock
Bryan Adams,Summer of '69,15,1990,43,2019,134,90s,1990-1999,81,-6.205,139.131,4,1,0.508,0.834,0.0386,0,0.0732,0.774,rock
Coldplay,Yellow,16,2000,111,2011,190,90s,1990-1999,81,-7.227,173.365,4,1,0.429,0.661,0.0281,0.00013,0.234,0.285,pop
Coldplay,Yellow,16,2000,111,2012,176,90s,1990-1999,81,-7.227,173.365,4,1,0.429,0.661,0.0281,0.00013,0.234,0.285,pop
Coldplay,Yellow,16,2000,111,2013,154,90s,1990-1999,81,-7.227,173.365,4,1,0.429,0.661,0.0281,0.00013,0.234,0.285,pop
Coldplay,Yellow,16,2000,111,2014,195,90s,1990-1999,81,-7.227,173.365,4,1,0.429,0.661,0.0281,0.00013,0.234,0.285,pop
Coldplay,Yellow,16,2000,111,2015,158,90s,1990-1999,81,-7.227,173.365,4,1,0.429,0.661,0.0281,0.00013,0.234,0.285,pop
Coldplay,Yellow,16,2000,111,2016,111,90s,1990-1999,81,-7.227,173.365,4,1,0.429,0.661,0.0281,0.00013,0.234,0.285,pop
Coldplay,Yellow,16,2000,111,2017,126,90s,1990-1999,81,-7.227,173.365,4,1,0.429,0.661,0.0281,0.00013,0.234,0.285,pop
Coldplay,Yellow,16,2000,111,2018,116,90s,1990-1999,81,-7.227,173.365,4,1,0.429,0.661,0.0281,0.00013,0.234,0.285,pop
Coldplay,Yellow,16,2000,111,2019,129,90s,1990-1999,81,-7.227,173.365,4,1,0.429,0.661,0.0281,0.00013,0.234,0.285,pop
blink-182,All the Small Things,17,1999,1107,2015,1259,90s,1990-1999,79,-4.918,148.726,4,1,0.434,0.897,0.0488,0,0.612,0.684,pop
blink-182,All the Small Things,17,1999,1107,2016,1107,90s,1990-1999,79,-4.918,148.726,4,1,0.434,0.897,0.0488,0,0.612,0.684,pop
blink-182,All the Small Things,17,1999,1107,2017,1383,90s,1990-1999,79,-4.918,148.726,4,1,0.434,0.897,0.0488,0,0.612,0.684,pop
blink-182,All the Small Things,17,1999,1107,2018,1253,90s,1990-1999,79,-4.918,148.726,4,1,0.434,0.897,0.0488,0,0.612,0.684,pop
blink-182,All the Small Things,17,1999,1107,2019,1398,90s,1990-1999,79,-4.918,148.726,4,1,0.434,0.897,0.0488,0,0.612,0.684,pop
Backstreet Boys,I Want It That Way,18,1999,842,2009,1569,90s,1990-1999,77,-5.642,99.031,4,0,0.689,0.702,0.0261,0,0.159,0.484,pop
Backstreet Boys,I Want It That Way,18,1999,842,2010,1977,90s,1990-1999,77,-5.642,99.031,4,0,0.689,0.702,0.0261,0,0.159,0.484,pop
Backstreet Boys,I Want It That Way,18,1999,842,2011,1543,90s,1990-1999,77,-5.642,99.031,4,0,0.689,0.702,0.0261,0,0.159,0.484,pop
Backstreet Boys,I Want It That Way,18,1999,842,2012,1645,90s,1990-1999,77,-5.642,99.031,4,0,0.689,0.702,0.0261,0,0.159,0.484,pop
Backstreet Boys,I Want It That Way,18,1999,842,2013,1074,90s,1990-1999,77,-5.642,99.031,4,0,0.689,0.702,0.0261,0,0.159,0.484,pop
Backstreet Boys,I Want It That Way,18,1999,842,2014,1234,90s,1990-1999,77,-5.642,99.031,4,0,0.689,0.702,0.0261,0,0.159,0.484,pop
Backstreet Boys,I Want It That Way,18,1999,842,2015,842,90s,1990-1999,77,-5.642,99.031,4,0,0.689,0.702,0.0261,0,0.159,0.484,pop
Backstreet Boys,I Want It That Way,18,1999,842,2016,1094,90s,1990-1999,77,-5.642,99.031,4,0,0.689,0.702,0.0261,0,0.159,0.484,pop
Backstreet Boys,I Want It That Way,18,1999,842,2017,1074,90s,1990-1999,77,-5.642,99.031,4,0,0.689,0.702,0.0261,0,0.159,0.484,pop
Backstreet Boys,I Want It That Way,18,1999,842,2018,901,90s,1990-1999,77,-5.642,99.031,4,0,0.689,0.702,0.0261,0,0.159,0.484,pop
Backstreet Boys,I Want It That Way,18,1999,842,2019,1014,90s,1990-1999,77,-5.642,99.031,4,0,0.689,0.702,0.0261,0,0.159,0.484,pop
Whitney Houston,I will always love you,19,1992,131,1999,131,90s,1990-1999,76,-12.518,66.98,4,1,0.306,0.214,0.0356,5.30E-06,0.0839,0.108,pop
Whitney Houston,I will always love you,19,1992,131,2000,405,90s,1990-1999,76,-12.518,66.98,4,1,0.306,0.214,0.0356,5.30E-06,0.0839,0.108,pop
Whitney Houston,I will always love you,19,1992,131,2001,476,90s,1990-1999,76,-12.518,66.98,4,1,0.306,0.214,0.0356,5.30E-06,0.0839,0.108,pop
Whitney Houston,I will always love you,19,1992,131,2002,551,90s,1990-1999,76,-12.518,66.98,4,1,0.306,0.214,0.0356,5.30E-06,0.0839,0.108,pop
Whitney Houston,I will always love you,19,1992,131,2003,537,90s,1990-1999,76,-12.518,66.98,4,1,0.306,0.214,0.0356,5.30E-06,0.0839,0.108,pop
Whitney Houston,I will always love you,19,1992,131,2004,463,90s,1990-1999,76,-12.518,66.98,4,1,0.306,0.214,0.0356,5.30E-06,0.0839,0.108,pop
Whitney Houston,I will always love you,19,1992,131,2005,636,90s,1990-1999,76,-12.518,66.98,4,1,0.306,0.214,0.0356,5.30E-06,0.0839,0.108,pop
Whitney Houston,I will always love you,19,1992,131,2006,513,90s,1990-1999,76,-12.518,66.98,4,1,0.306,0.214,0.0356,5.30E-06,0.0839,0.108,pop
Whitney Houston,I will always love you,19,1992,131,2007,483,90s,1990-1999,76,-12.518,66.98,4,1,0.306,0.214,0.0356,5.30E-06,0.0839,0.108,pop
Whitney Houston,I will always love you,19,1992,131,2008,505,90s,1990-1999,76,-12.518,66.98,4,1,0.306,0.214,0.0356,5.30E-06,0.0839,0.108,pop
Whitney Houston,I will always love you,19,1992,131,2009,505,90s,1990-1999,76,-12.518,66.98,4,1,0.306,0.214,0.0356,5.30E-06,0.0839,0.108,pop
Whitney Houston,I will always love you,19,1992,131,2010,534,90s,1990-1999,76,-12.518,66.98,4,1,0.306,0.214,0.0356,5.30E-06,0.0839,0.108,pop
Whitney Houston,I will always love you,19,1992,131,2011,687,90s,1990-1999,76,-12.518,66.98,4,1,0.306,0.214,0.0356,5.30E-06,0.0839,0.108,pop
Whitney Houston,I will always love you,19,1992,131,2012,401,90s,1990-1999,76,-12.518,66.98,4,1,0.306,0.214,0.0356,5.30E-06,0.0839,0.108,pop
Whitney Houston,I will always love you,19,1992,131,2013,433,90s,1990-1999,76,-12.518,66.98,4,1,0.306,0.214,0.0356,5.30E-06,0.0839,0.108,pop
Whitney Houston,I will always love you,19,1992,131,2014,446,90s,1990-1999,76,-12.518,66.98,4,1,0.306,0.214,0.0356,5.30E-06,0.0839,0.108,pop
Whitney Houston,I will always love you,19,1992,131,2015,381,90s,1990-1999,76,-12.518,66.98,4,1,0.306,0.214,0.0356,5.30E-06,0.0839,0.108,pop
Whitney Houston,I will always love you,19,1992,131,2016,453,90s,1990-1999,76,-12.518,66.98,4,1,0.306,0.214,0.0356,5.30E-06,0.0839,0.108,pop
Whitney Houston,I will always love you,19,1992,131,2017,484,90s,1990-1999,76,-12.518,66.98,4,1,0.306,0.214,0.0356,5.30E-06,0.0839,0.108,pop
Whitney Houston,I will always love you,19,1992,131,2018,447,90s,1990-1999,76,-12.518,66.98,4,1,0.306,0.214,0.0356,5.30E-06,0.0839,0.108,pop
Whitney Houston,I will always love you,19,1992,131,2019,617,90s,1990-1999,76,-12.518,66.98,4,1,0.306,0.214,0.0356,5.30E-06,0.0839,0.108,pop
Michael Jackson,Billie Jean,20,1983,27,1999,173,oldies,1920-1989,81,-3.051,117.046,4,0,0.92,0.654,0.0401,0.0158,0.0359,0.847,pop
Michael Jackson,Billie Jean,20,1983,27,2000,422,oldies,1920-1989,81,-3.051,117.046,4,0,0.92,0.654,0.0401,0.0158,0.0359,0.847,pop
Michael Jackson,Billie Jean,20,1983,27,2001,310,oldies,1920-1989,81,-3.051,117.046,4,0,0.92,0.654,0.0401,0.0158,0.0359,0.847,pop
Michael Jackson,Billie Jean,20,1983,27,2002,313,oldies,1920-1989,81,-3.051,117.046,4,0,0.92,0.654,0.0401,0.0158,0.0359,0.847,pop
Michael Jackson,Billie Jean,20,1983,27,2003,315,oldies,1920-1989,81,-3.051,117.046,4,0,0.92,0.654,0.0401,0.0158,0.0359,0.847,pop
Michael Jackson,Billie Jean,20,1983,27,2004,222,oldies,1920-1989,81,-3.051,117.046,4,0,0.92,0.654,0.0401,0.0158,0.0359,0.847,pop
Michael Jackson,Billie Jean,20,1983,27,2005,239,oldies,1920-1989,81,-3.051,117.046,4,0,0.92,0.654,0.0401,0.0158,0.0359,0.847,pop
Michael Jackson,Billie Jean,20,1983,27,2006,260,oldies,1920-1989,81,-3.051,117.046,4,0,0.92,0.654,0.0401,0.0158,0.0359,0.847,pop
Michael Jackson,Billie Jean,20,1983,27,2007,370,oldies,1920-1989,81,-3.051,117.046,4,0,0.92,0.654,0.0401,0.0158,0.0359,0.847,pop
Michael Jackson,Billie Jean,20,1983,27,2008,266,oldies,1920-1989,81,-3.051,117.046,4,0,0.92,0.654,0.0401,0.0158,0.0359,0.847,pop
Michael Jackson,Billie Jean,20,1983,27,2009,27,oldies,1920-1989,81,-3.051,117.046,4,0,0.92,0.654,0.0401,0.0158,0.0359,0.847,pop
Michael Jackson,Billie Jean,20,1983,27,2010,64,oldies,1920-1989,81,-3.051,117.046,4,0,0.92,0.654,0.0401,0.0158,0.0359,0.847,pop
Michael Jackson,Billie Jean,20,1983,27,2011,96,oldies,1920-1989,81,-3.051,117.046,4,0,0.92,0.654,0.0401,0.0158,0.0359,0.847,pop
Michael Jackson,Billie Jean,20,1983,27,2012,83,oldies,1920-1989,81,-3.051,117.046,4,0,0.92,0.654,0.0401,0.0158,0.0359,0.847,pop
Michael Jackson,Billie Jean,20,1983,27,2013,132,oldies,1920-1989,81,-3.051,117.046,4,0,0.92,0.654,0.0401,0.0158,0.0359,0.847,pop
Michael Jackson,Billie Jean,20,1983,27,2014,128,oldies,1920-1989,81,-3.051,117.046,4,0,0.92,0.654,0.0401,0.0158,0.0359,0.847,pop
Michael Jackson,Billie Jean,20,1983,27,2015,126,oldies,1920-1989,81,-3.051,117.046,4,0,0.92,0.654,0.0401,0.0158,0.0359,0.847,pop
Michael Jackson,Billie Jean,20,1983,27,2016,123,oldies,1920-1989,81,-3.051,117.046,4,0,0.92,0.654,0.0401,0.0158,0.0359,0.847,pop
Michael Jackson,Billie Jean,20,1983,27,2017,113,oldies,1920-1989,81,-3.051,117.046,4,0,0.92,0.654,0.0401,0.0158,0.0359,0.847,pop
Michael Jackson,Billie Jean,20,1983,27,2018,82,oldies,1920-1989,81,-3.051,117.046,4,0,0.92,0.654,0.0401,0.0158,0.0359,0.847,pop
Michael Jackson,Billie Jean,20,1983,27,2019,130,oldies,1920-1989,81,-3.051,117.046,4,0,0.92,0.654,0.0401,0.0158,0.0359,0.847,pop
Whitney Houston,I Wanna Dance with Somebody (Who Loves Me),21,1987,872,1999,872,oldies,1920-1989,80,-8.824,118.814,4,1,0.709,0.824,0.0453,0.000307,0.0888,0.867,pop
Whitney Houston,I Wanna Dance with Somebody (Who Loves Me),21,1987,872,2000,1263,oldies,1920-1989,80,-8.824,118.814,4,1,0.709,0.824,0.0453,0.000307,0.0888,0.867,pop
Whitney Houston,I Wanna Dance with Somebody (Who Loves Me),21,1987,872,2001,1723,oldies,1920-1989,80,-8.824,118.814,4,1,0.709,0.824,0.0453,0.000307,0.0888,0.867,pop
Whitney Houston,I Wanna Dance with Somebody (Who Loves Me),21,1987,872,2012,1412,oldies,1920-1989,80,-8.824,118.814,4,1,0.709,0.824,0.0453,0.000307,0.0888,0.867,pop
Whitney Houston,I Wanna Dance with Somebody (Who Loves Me),21,1987,872,2013,1973,oldies,1920-1989,80,-8.824,118.814,4,1,0.709,0.824,0.0453,0.000307,0.0888,0.867,pop
Whitney Houston,I Wanna Dance with Somebody (Who Loves Me),21,1987,872,2014,1883,oldies,1920-1989,80,-8.824,118.814,4,1,0.709,0.824,0.0453,0.000307,0.0888,0.867,pop
Whitney Houston,I Wanna Dance with Somebody (Who Loves Me),21,1987,872,2015,1586,oldies,1920-1989,80,-8.824,118.814,4,1,0.709,0.824,0.0453,0.000307,0.0888,0.867,pop
Whitney Houston,I Wanna Dance with Somebody (Who Loves Me),21,1987,872,2016,1446,oldies,1920-1989,80,-8.824,118.814,4,1,0.709,0.824,0.0453,0.000307,0.0888,0.867,pop
Whitney Houston,I Wanna Dance with Somebody (Who Loves Me),21,1987,872,2017,1555,oldies,1920-1989,80,-8.824,118.814,4,1,0.709,0.824,0.0453,0.000307,0.0888,0.867,pop
Whitney Houston,I Wanna Dance with Somebody (Who Loves Me),21,1987,872,2018,946,oldies,1920-1989,80,-8.824,118.814,4,1,0.709,0.824,0.0453,0.000307,0.0888,0.867,pop
Whitney Houston,I Wanna Dance with Somebody (Who Loves Me),21,1987,872,2019,1003,oldies,1920-1989,80,-8.824,118.814,4,1,0.709,0.824,0.0453,0.000307,0.0888,0.867,pop
Katrina & the Waves,Walking on sunshine,22,1985,1205,1999,1318,oldies,1920-1989,78,-11.97,109.902,4,1,0.596,0.869,0.037,0.173,0.0678,0.944,pop
Katrina & the Waves,Walking on sunshine,22,1985,1205,2000,1300,oldies,1920-1989,78,-11.97,109.902,4,1,0.596,0.869,0.037,0.173,0.0678,0.944,pop
Katrina & the Waves,Walking on sunshine,22,1985,1205,2001,1689,oldies,1920-1989,78,-11.97,109.902,4,1,0.596,0.869,0.037,0.173,0.0678,0.944,pop
Katrina & the Waves,Walking on sunshine,22,1985,1205,2002,1326,oldies,1920-1989,78,-11.97,109.902,4,1,0.596,0.869,0.037,0.173,0.0678,0.944,pop
Katrina & the Waves,Walking on sunshine,22,1985,1205,2003,1562,oldies,1920-1989,78,-11.97,109.902,4,1,0.596,0.869,0.037,0.173,0.0678,0.944,pop
Katrina & the Waves,Walking on sunshine,22,1985,1205,2004,1205,oldies,1920-1989,78,-11.97,109.902,4,1,0.596,0.869,0.037,0.173,0.0678,0.944,pop
Katrina & the Waves,Walking on sunshine,22,1985,1205,2005,1314,oldies,1920-1989,78,-11.97,109.902,4,1,0.596,0.869,0.037,0.173,0.0678,0.944,pop
Katrina & the Waves,Walking on sunshine,22,1985,1205,2006,1301,oldies,1920-1989,78,-11.97,109.902,4,1,0.596,0.869,0.037,0.173,0.0678,0.944,pop
Katrina & the Waves,Walking on sunshine,22,1985,1205,2007,1901,oldies,1920-1989,78,-11.97,109.902,4,1,0.596,0.869,0.037,0.173,0.0678,0.944,pop
Katrina & the Waves,Walking on sunshine,22,1985,1205,2008,1440,oldies,1920-1989,78,-11.97,109.902,4,1,0.596,0.869,0.037,0.173,0.0678,0.944,pop
Katrina & the Waves,Walking on sunshine,22,1985,1205,2009,1837,oldies,1920-1989,78,-11.97,109.902,4,1,0.596,0.869,0.037,0.173,0.0678,0.944,pop
Katrina & the Waves,Walking on sunshine,22,1985,1205,2010,1776,oldies,1920-1989,78,-11.97,109.902,4,1,0.596,0.869,0.037,0.173,0.0678,0.944,pop
Katrina & the Waves,Walking on sunshine,22,1985,1205,2013,1913,oldies,1920-1989,78,-11.97,109.902,4,1,0.596,0.869,0.037,0.173,0.0678,0.944,pop
Katrina & the Waves,Walking on sunshine,22,1985,1205,2014,1767,oldies,1920-1989,78,-11.97,109.902,4,1,0.596,0.869,0.037,0.173,0.0678,0.944,pop
Katrina & the Waves,Walking on sunshine,22,1985,1205,2015,1831,oldies,1920-1989,78,-11.97,109.902,4,1,0.596,0.869,0.037,0.173,0.0678,0.944,pop
Foster the People,Pumped Up Kicks,23,2011,1141,2015,1665,2000s,2000-2020,83,-5.849,127.975,4,0,0.733,0.71,0.0292,0.115,0.0956,0.965,rock
Foster the People,Pumped Up Kicks,23,2011,1141,2016,1680,2000s,2000-2020,83,-5.849,127.975,4,0,0.733,0.71,0.0292,0.115,0.0956,0.965,rock
Foster the People,Pumped Up Kicks,23,2011,1141,2017,1442,2000s,2000-2020,83,-5.849,127.975,4,0,0.733,0.71,0.0292,0.115,0.0956,0.965,rock
Foster the People,Pumped Up Kicks,23,2011,1141,2018,1141,2000s,2000-2020,83,-5.849,127.975,4,0,0.733,0.71,0.0292,0.115,0.0956,0.965,rock
Foster the People,Pumped Up Kicks,23,2011,1141,2019,1388,2000s,2000-2020,83,-5.849,127.975,4,0,0.733,0.71,0.0292,0.115,0.0956,0.965,rock
Eminem,Without Me,24,2002,837,2016,1087,2000s,2000-2020,82,-2.827,112.238,4,1,0.908,0.669,0.0738,0,0.237,0.662,hip hop
Eminem,Without Me,24,2002,837,2017,998,2000s,2000-2020,82,-2.827,112.238,4,1,0.908,0.669,0.0738,0,0.237,0.662,hip hop
Eminem,Without Me,24,2002,837,2018,837,2000s,2000-2020,82,-2.827,112.238,4,1,0.908,0.669,0.0738,0,0.237,0.662,hip hop
Eminem,Without Me,24,2002,837,2019,933,2000s,2000-2020,82,-2.827,112.238,4,1,0.908,0.669,0.0738,0,0.237,0.662,hip hop
Coolio,Gangsta's paradise,25,1995,845,2014,1467,90s,1990-1999,80,-10.05,79.974,4,1,0.647,0.514,0.0593,0,0.398,0.387,hip hop
Coolio,Gangsta's paradise,25,1995,845,2015,1121,90s,1990-1999,80,-10.05,79.974,4,1,0.647,0.514,0.0593,0,0.398,0.387,hip hop
Coolio,Gangsta's paradise,25,1995,845,2016,1302,90s,1990-1999,80,-10.05,79.974,4,1,0.647,0.514,0.0593,0,0.398,0.387,hip hop
Coolio,Gangsta's paradise,25,1995,845,2017,1281,90s,1990-1999,80,-10.05,79.974,4,1,0.647,0.514,0.0593,0,0.398,0.387,hip hop
Coolio,Gangsta's paradise,25,1995,845,2018,845,90s,1990-1999,80,-10.05,79.974,4,1,0.647,0.514,0.0593,0,0.398,0.387,hip hop
Coolio,Gangsta's paradise,25,1995,845,2019,963,90s,1990-1999,80,-10.05,79.974,4,1,0.647,0.514,0.0593,0,0.398,0.387,hip hop
Eminem,The Real Slim Shady,26,2000,949,2016,1745,90s,1990-1999,79,-4.244,104.504,4,0,0.949,0.661,0.0572,0,0.0454,0.76,hip hop
Eminem,The Real Slim Shady,26,2000,949,2017,1668,90s,1990-1999,79,-4.244,104.504,4,0,0.949,0.661,0.0572,0,0.0454,0.76,hip hop
Eminem,The Real Slim Shady,26,2000,949,2018,949,90s,1990-1999,79,-4.244,104.504,4,0,0.949,0.661,0.0572,0,0.0454,0.76,hip hop
Eminem,The Real Slim Shady,26,2000,949,2019,1039,90s,1990-1999,79,-4.244,104.504,4,0,0.949,0.661,0.0572,0,0.0454,0.76,hip hop
Eminem,Lose yourself,27,2002,63,2015,218,2000s,2000-2020,77,-4.565,171.374,4,1,0.692,0.744,0.257,0.000423,0.359,0.0612,hip hop
Eminem,Lose yourself,27,2002,63,2016,153,2000s,2000-2020,77,-4.565,171.374,4,1,0.692,0.744,0.257,0.000423,0.359,0.0612,hip hop
Eminem,Lose yourself,27,2002,63,2017,146,2000s,2000-2020,77,-4.565,171.374,4,1,0.692,0.744,0.257,0.000423,0.359,0.0612,hip hop
Eminem,Lose yourself,27,2002,63,2018,63,2000s,2000-2020,77,-4.565,171.374,4,1,0.692,0.744,0.257,0.000423,0.359,0.0612,hip hop
Eminem,Lose yourself,27,2002,63,2019,95,2000s,2000-2020,77,-4.565,171.374,4,1,0.692,0.744,0.257,0.000423,0.359,0.0612,hip hop
Mr. Probz,Waves,28,2013,63,2013,1245,2000s,2000-2020,76,-9.334,119.993,4,0,0.829,0.51,0.0369,0.0014,0.0829,0.45,hip hop
Mr. Probz,Waves,28,2013,63,2014,63,2000s,2000-2020,76,-9.334,119.993,4,0,0.829,0.51,0.0369,0.0014,0.0829,0.45,hip hop
Mr. Probz,Waves,28,2013,63,2015,293,2000s,2000-2020,76,-9.334,119.993,4,0,0.829,0.51,0.0369,0.0014,0.0829,0.45,hip hop
Mr. Probz,Waves,28,2013,63,2016,644,2000s,2000-2020,76,-9.334,119.993,4,0,0.829,0.51,0.0369,0.0014,0.0829,0.45,hip hop
Mr. Probz,Waves,28,2013,63,2017,778,2000s,2000-2020,76,-9.334,119.993,4,0,0.829,0.51,0.0369,0.0014,0.0829,0.45,hip hop
Mr. Probz,Waves,28,2013,63,2018,953,2000s,2000-2020,76,-9.334,119.993,4,0,0.829,0.51,0.0369,0.0014,0.0829,0.45,hip hop
Mr. Probz,Waves,28,2013,63,2019,791,2000s,2000-2020,76,-9.334,119.993,4,0,0.829,0.51,0.0369,0.0014,0.0829,0.45,hip hop
Eminem,Stan,29,2000,259,2015,618,90s,1990-1999,75,-4.325,80.063,4,0,0.78,0.768,0.238,2.34E-06,0.518,0.507,hip hop
Eminem,Stan,29,2000,259,2016,619,90s,1990-1999,75,-4.325,80.063,4,0,0.78,0.768,0.238,2.34E-06,0.518,0.507,hip hop
Eminem,Stan,29,2000,259,2017,489,90s,1990-1999,75,-4.325,80.063,4,0,0.78,0.768,0.238,2.34E-06,0.518,0.507,hip hop
Eminem,Stan,29,2000,259,2018,259,90s,1990-1999,75,-4.325,80.063,4,0,0.78,0.768,0.238,2.34E-06,0.518,0.507,hip hop
Eminem,Stan,29,2000,259,2019,379,90s,1990-1999,75,-4.325,80.063,4,0,0.78,0.768,0.238,2.34E-06,0.518,0.507,hip hop
Run-D.M.C.,Walk This Way,30,1986,1281,2014,1760,oldies,1920-1989,70,-12.56,105.598,4,0,0.759,0.578,0.0468,8.18E-05,0.0605,0.944,hip hop
Run-D.M.C.,Walk This Way,30,1986,1281,2015,1805,oldies,1920-1989,70,-12.56,105.598,4,0,0.759,0.578,0.0468,8.18E-05,0.0605,0.944,hip hop
Run-D.M.C.,Walk This Way,30,1986,1281,2016,1910,oldies,1920-1989,70,-12.56,105.598,4,0,0.759,0.578,0.0468,8.18E-05,0.0605,0.944,hip hop
Run-D.M.C.,Walk This Way,30,1986,1281,2017,1641,oldies,1920-1989,70,-12.56,105.598,4,0,0.759,0.578,0.0468,8.18E-05,0.0605,0.944,hip hop
Run-D.M.C.,Walk This Way,30,1986,1281,2018,1281,oldies,1920-1989,70,-12.56,105.598,4,0,0.759,0.578,0.0468,8.18E-05,0.0605,0.944,hip hop
Run-D.M.C.,Walk This Way,30,1986,1281,2019,1444,oldies,1920-1989,70,-12.56,105.598,4,0,0.759,0.578,0.0468,8.18E-05,0.0605,0.944,hip hop
Propaganda,Duel,31,1985,740,2000,810,oldies,1920-1989,53,-11.321,144.873,4,0,0.672,0.697,0.0343,0.407,0.118,0.528,hip hop
Propaganda,Duel,31,1985,740,2001,740,oldies,1920-1989,53,-11.321,144.873,4,0,0.672,0.697,0.0343,0.407,0.118,0.528,hip hop
Propaganda,Duel,31,1985,740,2002,809,oldies,1920-1989,53,-11.321,144.873,4,0,0.672,0.697,0.0343,0.407,0.118,0.528,hip hop
Propaganda,Duel,31,1985,740,2003,1062,oldies,1920-1989,53,-11.321,144.873,4,0,0.672,0.697,0.0343,0.407,0.118,0.528,hip hop
Propaganda,Duel,31,1985,740,2004,1168,oldies,1920-1989,53,-11.321,144.873,4,0,0.672,0.697,0.0343,0.407,0.118,0.528,hip hop
Propaganda,Duel,31,1985,740,2005,1231,oldies,1920-1989,53,-11.321,144.873,4,0,0.672,0.697,0.0343,0.407,0.118,0.528,hip hop
Propaganda,Duel,31,1985,740,2006,1228,oldies,1920-1989,53,-11.321,144.873,4,0,0.672,0.697,0.0343,0.407,0.118,0.528,hip hop
Propaganda,Duel,31,1985,740,2007,1808,oldies,1920-1989,53,-11.321,144.873,4,0,0.672,0.697,0.0343,0.407,0.118,0.528,hip hop
Propaganda,Duel,31,1985,740,2008,1265,oldies,1920-1989,53,-11.321,144.873,4,0,0.672,0.697,0.0343,0.407,0.118,0.528,hip hop
Propaganda,Duel,31,1985,740,2009,973,oldies,1920-1989,53,-11.321,144.873,4,0,0.672,0.697,0.0343,0.407,0.118,0.528,hip hop
Propaganda,Duel,31,1985,740,2010,1377,oldies,1920-1989,53,-11.321,144.873,4,0,0.672,0.697,0.0343,0.407,0.118,0.528,hip hop
Propaganda,Duel,31,1985,740,2011,1798,oldies,1920-1989,53,-11.321,144.873,4,0,0.672,0.697,0.0343,0.407,0.118,0.528,hip hop
Propaganda,Duel,31,1985,740,2012,1592,oldies,1920-1989,53,-11.321,144.873,4,0,0.672,0.697,0.0343,0.407,0.118,0.528,hip hop
Propaganda,Duel,31,1985,740,2013,1535,oldies,1920-1989,53,-11.321,144.873,4,0,0.672,0.697,0.0343,0.407,0.118,0.528,hip hop
Propaganda,Duel,31,1985,740,2014,1790,oldies,1920-1989,53,-11.321,144.873,4,0,0.672,0.697,0.0343,0.407,0.118,0.528,hip hop
Propaganda,Duel,31,1985,740,2015,1855,oldies,1920-1989,53,-11.321,144.873,4,0,0.672,0.697,0.0343,0.407,0.118,0.528,hip hop
Propaganda,Duel,31,1985,740,2016,1995,oldies,1920-1989,53,-11.321,144.873,4,0,0.672,0.697,0.0343,0.407,0.118,0.528,hip hop
Propaganda,Duel,31,1985,740,2017,1594,oldies,1920-1989,53,-11.321,144.873,4,0,0.672,0.697,0.0343,0.407,0.118,0.528,hip hop
Propaganda,Duel,31,1985,740,2018,1722,oldies,1920-1989,53,-11.321,144.873,4,0,0.672,0.697,0.0343,0.407,0.118,0.528,hip hop
Oliver,Good Morning Starshine,32,1969,912,2000,1933,oldies,1920-1989,48,-7.91,125.012,4,1,0.694,0.541,0.0288,1.26E-05,0.0525,0.862,hip hop
Oliver,Good Morning Starshine,32,1969,912,2001,1992,oldies,1920-1989,48,-7.91,125.012,4,1,0.694,0.541,0.0288,1.26E-05,0.0525,0.862,hip hop
Oliver,Good Morning Starshine,32,1969,912,2002,912,oldies,1920-1989,48,-7.91,125.012,4,1,0.694,0.541,0.0288,1.26E-05,0.0525,0.862,hip hop
M,Popmuzik,33,1979,1068,1999,1068,oldies,1920-1989,48,-9.982,110.796,4,1,0.94,0.727,0.0358,0.00021,0.0808,0.969,hip hop
M,Popmuzik,33,1979,1068,2000,1285,oldies,1920-1989,48,-9.982,110.796,4,1,0.94,0.727,0.0358,0.00021,0.0808,0.969,hip hop
M,Popmuzik,33,1979,1068,2001,1332,oldies,1920-1989,48,-9.982,110.796,4,1,0.94,0.727,0.0358,0.00021,0.0808,0.969,hip hop
M,Popmuzik,33,1979,1068,2002,1846,oldies,1920-1989,48,-9.982,110.796,4,1,0.94,0.727,0.0358,0.00021,0.0808,0.969,hip hop
King,Love & Pride,34,1985,1250,1999,1250,oldies,1920-1989,43,-13.623,126.015,4,0,0.755,0.438,0.033,2.76E-06,0.0719,0.766,hip hop
King,Love & Pride,34,1985,1250,2000,1681,oldies,1920-1989,43,-13.623,126.015,4,0,0.755,0.438,0.033,2.76E-06,0.0719,0.766,hip hop
King,Love & Pride,34,1985,1250,2001,1894,oldies,1920-1989,43,-13.623,126.015,4,0,0.755,0.438,0.033,2.76E-06,0.0719,0.766,hip hop
King,Love & Pride,34,1985,1250,2003,1950,oldies,1920-1989,43,-13.623,126.015,4,0,0.755,0.438,0.033,2.76E-06,0.0719,0.766,hip hop
King,Love & Pride,34,1985,1250,2004,1917,oldies,1920-1989,43,-13.623,126.015,4,0,0.755,0.438,0.033,2.76E-06,0.0719,0.766,hip hop
House of Pain,Jump around,35,1992,1263,2015,1895,90s,1990-1999,74,-6.32,106.894,4,0,0.854,0.71,0.0793,8.72E-05,0.166,0.818,hip hop
House of Pain,Jump around,35,1992,1263,2016,1263,90s,1990-1999,74,-6.32,106.894,4,0,0.854,0.71,0.0793,8.72E-05,0.166,0.818,hip hop
House of Pain,Jump around,35,1992,1263,2017,1365,90s,1990-1999,74,-6.32,106.894,4,0,0.854,0.71,0.0793,8.72E-05,0.166,0.818,hip hop
House of Pain,Jump around,35,1992,1263,2018,1586,90s,1990-1999,74,-6.32,106.894,4,0,0.854,0.71,0.0793,8.72E-05,0.166,0.818,hip hop
House of Pain,Jump around,35,1992,1263,2019,1411,90s,1990-1999,74,-6.32,106.894,4,0,0.854,0.71,0.0793,8.72E-05,0.166,0.818,hip hop
"Earth, Wind & Fire",September,36,1979,117,1999,550,oldies,1920-1989,81,-7.288,125.901,4,1,0.694,0.831,0.0301,0.000892,0.25,0.98,soul
"Earth, Wind & Fire",September,36,1979,117,2000,764,oldies,1920-1989,81,-7.288,125.901,4,1,0.694,0.831,0.0301,0.000892,0.25,0.98,soul
"Earth, Wind & Fire",September,36,1979,117,2001,814,oldies,1920-1989,81,-7.288,125.901,4,1,0.694,0.831,0.0301,0.000892,0.25,0.98,soul
"Earth, Wind & Fire",September,36,1979,117,2002,689,oldies,1920-1989,81,-7.288,125.901,4,1,0.694,0.831,0.0301,0.000892,0.25,0.98,soul
"Earth, Wind & Fire",September,36,1979,117,2003,833,oldies,1920-1989,81,-7.288,125.901,4,1,0.694,0.831,0.0301,0.000892,0.25,0.98,soul
"Earth, Wind & Fire",September,36,1979,117,2004,854,oldies,1920-1989,81,-7.288,125.901,4,1,0.694,0.831,0.0301,0.000892,0.25,0.98,soul
"Earth, Wind & Fire",September,36,1979,117,2005,1043,oldies,1920-1989,81,-7.288,125.901,4,1,0.694,0.831,0.0301,0.000892,0.25,0.98,soul
"Earth, Wind & Fire",September,36,1979,117,2006,813,oldies,1920-1989,81,-7.288,125.901,4,1,0.694,0.831,0.0301,0.000892,0.25,0.98,soul
"Earth, Wind & Fire",September,36,1979,117,2007,1109,oldies,1920-1989,81,-7.288,125.901,4,1,0.694,0.831,0.0301,0.000892,0.25,0.98,soul
"Earth, Wind & Fire",September,36,1979,117,2008,885,oldies,1920-1989,81,-7.288,125.901,4,1,0.694,0.831,0.0301,0.000892,0.25,0.98,soul
"Earth, Wind & Fire",September,36,1979,117,2009,875,oldies,1920-1989,81,-7.288,125.901,4,1,0.694,0.831,0.0301,0.000892,0.25,0.98,soul
"Earth, Wind & Fire",September,36,1979,117,2010,687,oldies,1920-1989,81,-7.288,125.901,4,1,0.694,0.831,0.0301,0.000892,0.25,0.98,soul
"Earth, Wind & Fire",September,36,1979,117,2011,793,oldies,1920-1989,81,-7.288,125.901,4,1,0.694,0.831,0.0301,0.000892,0.25,0.98,soul
"Earth, Wind & Fire",September,36,1979,117,2012,472,oldies,1920-1989,81,-7.288,125.901,4,1,0.694,0.831,0.0301,0.000892,0.25,0.98,soul
"Earth, Wind & Fire",September,36,1979,117,2013,290,oldies,1920-1989,81,-7.288,125.901,4,1,0.694,0.831,0.0301,0.000892,0.25,0.98,soul
"Earth, Wind & Fire",September,36,1979,117,2014,279,oldies,1920-1989,81,-7.288,125.901,4,1,0.694,0.831,0.0301,0.000892,0.25,0.98,soul
"Earth, Wind & Fire",September,36,1979,117,2015,243,oldies,1920-1989,81,-7.288,125.901,4,1,0.694,0.831,0.0301,0.000892,0.25,0.98,soul
"Earth, Wind & Fire",September,36,1979,117,2016,147,oldies,1920-1989,81,-7.288,125.901,4,1,0.694,0.831,0.0301,0.000892,0.25,0.98,soul
"Earth, Wind & Fire",September,36,1979,117,2017,149,oldies,1920-1989,81,-7.288,125.901,4,1,0.694,0.831,0.0301,0.000892,0.25,0.98,soul
"Earth, Wind & Fire",September,36,1979,117,2018,117,oldies,1920-1989,81,-7.288,125.901,4,1,0.694,0.831,0.0301,0.000892,0.25,0.98,soul
"Earth, Wind & Fire",September,36,1979,117,2019,170,oldies,1920-1989,81,-7.288,125.901,4,1,0.694,0.831,0.0301,0.000892,0.25,0.98,soul
Bill Withers,Ain't no sunshine,37,1971,209,1999,864,oldies,1920-1989,79,-11.451,79.593,4,0,0.479,0.416,0.124,1.72E-05,0.118,0.514,soul
Bill Withers,Ain't no sunshine,37,1971,209,2001,771,oldies,1920-1989,79,-11.451,79.593,4,0,0.479,0.416,0.124,1.72E-05,0.118,0.514,soul
Bill Withers,Ain't no sunshine,37,1971,209,2002,969,oldies,1920-1989,79,-11.451,79.593,4,0,0.479,0.416,0.124,1.72E-05,0.118,0.514,soul
Bill Withers,Ain't no sunshine,37,1971,209,2003,761,oldies,1920-1989,79,-11.451,79.593,4,0,0.479,0.416,0.124,1.72E-05,0.118,0.514,soul
Bill Withers,Ain't no sunshine,37,1971,209,2004,570,oldies,1920-1989,79,-11.451,79.593,4,0,0.479,0.416,0.124,1.72E-05,0.118,0.514,soul
Bill Withers,Ain't no sunshine,37,1971,209,2005,851,oldies,1920-1989,79,-11.451,79.593,4,0,0.479,0.416,0.124,1.72E-05,0.118,0.514,soul
Bill Withers,Ain't no sunshine,37,1971,209,2006,1044,oldies,1920-1989,79,-11.451,79.593,4,0,0.479,0.416,0.124,1.72E-05,0.118,0.514,soul
Bill Withers,Ain't no sunshine,37,1971,209,2007,851,oldies,1920-1989,79,-11.451,79.593,4,0,0.479,0.416,0.124,1.72E-05,0.118,0.514,soul
Bill Withers,Ain't no sunshine,37,1971,209,2008,814,oldies,1920-1989,79,-11.451,79.593,4,0,0.479,0.416,0.124,1.72E-05,0.118,0.514,soul
Bill Withers,Ain't no sunshine,37,1971,209,2009,1099,oldies,1920-1989,79,-11.451,79.593,4,0,0.479,0.416,0.124,1.72E-05,0.118,0.514,soul
Bill Withers,Ain't no sunshine,37,1971,209,2010,649,oldies,1920-1989,79,-11.451,79.593,4,0,0.479,0.416,0.124,1.72E-05,0.118,0.514,soul
Bill Withers,Ain't no sunshine,37,1971,209,2011,298,oldies,1920-1989,79,-11.451,79.593,4,0,0.479,0.416,0.124,1.72E-05,0.118,0.514,soul
Bill Withers,Ain't no sunshine,37,1971,209,2012,217,oldies,1920-1989,79,-11.451,79.593,4,0,0.479,0.416,0.124,1.72E-05,0.118,0.514,soul
Bill Withers,Ain't no sunshine,37,1971,209,2013,209,oldies,1920-1989,79,-11.451,79.593,4,0,0.479,0.416,0.124,1.72E-05,0.118,0.514,soul
Bill Withers,Ain't no sunshine,37,1971,209,2014,257,oldies,1920-1989,79,-11.451,79.593,4,0,0.479,0.416,0.124,1.72E-05,0.118,0.514,soul
Bill Withers,Ain't no sunshine,37,1971,209,2015,244,oldies,1920-1989,79,-11.451,79.593,4,0,0.479,0.416,0.124,1.72E-05,0.118,0.514,soul
Bill Withers,Ain't no sunshine,37,1971,209,2016,263,oldies,1920-1989,79,-11.451,79.593,4,0,0.479,0.416,0.124,1.72E-05,0.118,0.514,soul
Bill Withers,Ain't no sunshine,37,1971,209,2017,259,oldies,1920-1989,79,-11.451,79.593,4,0,0.479,0.416,0.124,1.72E-05,0.118,0.514,soul
Bill Withers,Ain't no sunshine,37,1971,209,2018,451,oldies,1920-1989,79,-11.451,79.593,4,0,0.479,0.416,0.124,1.72E-05,0.118,0.514,soul
Bill Withers,Ain't no sunshine,37,1971,209,2019,472,oldies,1920-1989,79,-11.451,79.593,4,0,0.479,0.416,0.124,1.72E-05,0.118,0.514,soul
Stevie Wonder,Superstition,38,1973,411,1999,603,oldies,1920-1989,76,-12.115,100.499,4,1,0.633,0.634,0.0725,0.0064,0.0385,0.872,soul
Stevie Wonder,Superstition,38,1973,411,2000,898,oldies,1920-1989,76,-12.115,100.499,4,1,0.633,0.634,0.0725,0.0064,0.0385,0.872,soul
Stevie Wonder,Superstition,38,1973,411,2001,1102,oldies,1920-1989,76,-12.115,100.499,4,1,0.633,0.634,0.0725,0.0064,0.0385,0.872,soul
Stevie Wonder,Superstition,38,1973,411,2002,949,oldies,1920-1989,76,-12.115,100.499,4,1,0.633,0.634,0.0725,0.0064,0.0385,0.872,soul
Stevie Wonder,Superstition,38,1973,411,2003,1009,oldies,1920-1989,76,-12.115,100.499,4,1,0.633,0.634,0.0725,0.0064,0.0385,0.872,soul
Stevie Wonder,Superstition,38,1973,411,2004,817,oldies,1920-1989,76,-12.115,100.499,4,1,0.633,0.634,0.0725,0.0064,0.0385,0.872,soul
Stevie Wonder,Superstition,38,1973,411,2005,1124,oldies,1920-1989,76,-12.115,100.499,4,1,0.633,0.634,0.0725,0.0064,0.0385,0.872,soul
Stevie Wonder,Superstition,38,1973,411,2006,1101,oldies,1920-1989,76,-12.115,100.499,4,1,0.633,0.634,0.0725,0.0064,0.0385,0.872,soul
Stevie Wonder,Superstition,38,1973,411,2007,1188,oldies,1920-1989,76,-12.115,100.499,4,1,0.633,0.634,0.0725,0.0064,0.0385,0.872,soul
Stevie Wonder,Superstition,38,1973,411,2008,1047,oldies,1920-1989,76,-12.115,100.499,4,1,0.633,0.634,0.0725,0.0064,0.0385,0.872,soul
Stevie Wonder,Superstition,38,1973,411,2009,786,oldies,1920-1989,76,-12.115,100.499,4,1,0.633,0.634,0.0725,0.0064,0.0385,0.872,soul
Stevie Wonder,Superstition,38,1973,411,2010,561,oldies,1920-1989,76,-12.115,100.499,4,1,0.633,0.634,0.0725,0.0064,0.0385,0.872,soul
Stevie Wonder,Superstition,38,1973,411,2011,485,oldies,1920-1989,76,-12.115,100.499,4,1,0.633,0.634,0.0725,0.0064,0.0385,0.872,soul
Stevie Wonder,Superstition,38,1973,411,2012,590,oldies,1920-1989,76,-12.115,100.499,4,1,0.633,0.634,0.0725,0.0064,0.0385,0.872,soul
Stevie Wonder,Superstition,38,1973,411,2013,411,oldies,1920-1989,76,-12.115,100.499,4,1,0.633,0.634,0.0725,0.0064,0.0385,0.872,soul
Stevie Wonder,Superstition,38,1973,411,2014,525,oldies,1920-1989,76,-12.115,100.499,4,1,0.633,0.634,0.0725,0.0064,0.0385,0.872,soul
Stevie Wonder,Superstition,38,1973,411,2015,546,oldies,1920-1989,76,-12.115,100.499,4,1,0.633,0.634,0.0725,0.0064,0.0385,0.872,soul
Stevie Wonder,Superstition,38,1973,411,2016,447,oldies,1920-1989,76,-12.115,100.499,4,1,0.633,0.634,0.0725,0.0064,0.0385,0.872,soul
Stevie Wonder,Superstition,38,1973,411,2017,508,oldies,1920-1989,76,-12.115,100.499,4,1,0.633,0.634,0.0725,0.0064,0.0385,0.872,soul
Stevie Wonder,Superstition,38,1973,411,2018,491,oldies,1920-1989,76,-12.115,100.499,4,1,0.633,0.634,0.0725,0.0064,0.0385,0.872,soul
Stevie Wonder,Superstition,38,1973,411,2019,592,oldies,1920-1989,76,-12.115,100.499,4,1,0.633,0.634,0.0725,0.0064,0.0385,0.872,soul
Sade,No Ordinary Love,39,1992,1302,2000,1621,90s,1990-1999,64,-12.259,166.254,4,0,0.629,0.364,0.038,0.0198,0.0941,0.699,soul
Sade,No Ordinary Love,39,1992,1302,2002,1302,90s,1990-1999,64,-12.259,166.254,4,0,0.629,0.364,0.038,0.0198,0.0941,0.699,soul
Sade,No Ordinary Love,39,1992,1302,2003,1490,90s,1990-1999,64,-12.259,166.254,4,0,0.629,0.364,0.038,0.0198,0.0941,0.699,soul
Sade,No Ordinary Love,39,1992,1302,2004,1808,90s,1990-1999,64,-12.259,166.254,4,0,0.629,0.364,0.038,0.0198,0.0941,0.699,soul
Sade,No Ordinary Love,39,1992,1302,2009,1852,90s,1990-1999,64,-12.259,166.254,4,0,0.629,0.364,0.038,0.0198,0.0941,0.699,soul
Sade,No Ordinary Love,39,1992,1302,2010,1760,90s,1990-1999,64,-12.259,166.254,4,0,0.629,0.364,0.038,0.0198,0.0941,0.699,soul
Sade,No Ordinary Love,39,1992,1302,2011,1589,90s,1990-1999,64,-12.259,166.254,4,0,0.629,0.364,0.038,0.0198,0.0941,0.699,soul
Sade,No Ordinary Love,39,1992,1302,2012,1670,90s,1990-1999,64,-12.259,166.254,4,0,0.629,0.364,0.038,0.0198,0.0941,0.699,soul
Sade,No Ordinary Love,39,1992,1302,2013,1803,90s,1990-1999,64,-12.259,166.254,4,0,0.629,0.364,0.038,0.0198,0.0941,0.699,soul
Sade,No Ordinary Love,39,1992,1302,2014,1351,90s,1990-1999,64,-12.259,166.254,4,0,0.629,0.364,0.038,0.0198,0.0941,0.699,soul
Sade,No Ordinary Love,39,1992,1302,2015,1656,90s,1990-1999,64,-12.259,166.254,4,0,0.629,0.364,0.038,0.0198,0.0941,0.699,soul
Sade,No Ordinary Love,39,1992,1302,2016,1616,90s,1990-1999,64,-12.259,166.254,4,0,0.629,0.364,0.038,0.0198,0.0941,0.699,soul
Sade,No Ordinary Love,39,1992,1302,2017,1563,90s,1990-1999,64,-12.259,166.254,4,0,0.629,0.364,0.038,0.0198,0.0941,0.699,soul
Charles & Eddie,Would I lie to you?,40,1992,1500,1999,1500,90s,1990-1999,49,-11.39,202.409,4,0,0.547,0.538,0.0567,0,0.0369,0.718,soul
Charles & Eddie,Would I lie to you?,40,1992,1500,2000,1584,90s,1990-1999,49,-11.39,202.409,4,0,0.547,0.538,0.0567,0,0.0369,0.718,soul
Charles & Eddie,Would I lie to you?,40,1992,1500,2001,1917,90s,1990-1999,49,-11.39,202.409,4,0,0.547,0.538,0.0567,0,0.0369,0.718,soul
Charles & Eddie,Would I lie to you?,40,1992,1500,2002,1796,90s,1990-1999,49,-11.39,202.409,4,0,0.547,0.538,0.0567,0,0.0369,0.718,soul
Stevie Wonder,How come how long,41,1997,1376,1999,1587,90s,1990-1999,48,-8.121,80.912,4,0,0.636,0.555,0.0264,3.00E-06,0.0966,0.289,soul
Stevie Wonder,How come how long,41,1997,1376,2000,1438,90s,1990-1999,48,-8.121,80.912,4,0,0.636,0.555,0.0264,3.00E-06,0.0966,0.289,soul
Stevie Wonder,How come how long,41,1997,1376,2001,1857,90s,1990-1999,48,-8.121,80.912,4,0,0.636,0.555,0.0264,3.00E-06,0.0966,0.289,soul
Stevie Wonder,How come how long,41,1997,1376,2002,1376,90s,1990-1999,48,-8.121,80.912,4,0,0.636,0.555,0.0264,3.00E-06,0.0966,0.289,soul
Amy Winehouse,Back to black,42,2006,43,2010,203,2000s,2000-2020,76,-3.304,123.28,4,1,0.49,0.725,0.0392,2.68E-05,0.0983,0.335,soul
Amy Winehouse,Back to black,42,2006,43,2011,179,2000s,2000-2020,76,-3.304,123.28,4,1,0.49,0.725,0.0392,2.68E-05,0.0983,0.335,soul
Amy Winehouse,Back to black,42,2006,43,2012,97,2000s,2000-2020,76,-3.304,123.28,4,1,0.49,0.725,0.0392,2.68E-05,0.0983,0.335,soul
Amy Winehouse,Back to black,42,2006,43,2013,175,2000s,2000-2020,76,-3.304,123.28,4,1,0.49,0.725,0.0392,2.68E-05,0.0983,0.335,soul
Amy Winehouse,Back to black,42,2006,43,2014,153,2000s,2000-2020,76,-3.304,123.28,4,1,0.49,0.725,0.0392,2.68E-05,0.0983,0.335,soul
Amy Winehouse,Back to black,42,2006,43,2015,98,2000s,2000-2020,76,-3.304,123.28,4,1,0.49,0.725,0.0392,2.68E-05,0.0983,0.335,soul
Amy Winehouse,Back to black,42,2006,43,2016,45,2000s,2000-2020,76,-3.304,123.28,4,1,0.49,0.725,0.0392,2.68E-05,0.0983,0.335,soul
Amy Winehouse,Back to black,42,2006,43,2017,57,2000s,2000-2020,76,-3.304,123.28,4,1,0.49,0.725,0.0392,2.68E-05,0.0983,0.335,soul
Amy Winehouse,Back to black,42,2006,43,2018,43,2000s,2000-2020,76,-3.304,123.28,4,1,0.49,0.725,0.0392,2.68E-05,0.0983,0.335,soul
Amy Winehouse,Back to black,42,2006,43,2019,58,2000s,2000-2020,76,-3.304,123.28,4,1,0.49,0.725,0.0392,2.68E-05,0.0983,0.335,soul
Rag'n'Bone Man,Human,43,2016,204,2016,583,2000s,2000-2020,74,-8.477,135.47,4,1,0.557,0.8,0.0601,0.0012,0.0906,0.582,soul
Rag'n'Bone Man,Human,43,2016,204,2017,204,2000s,2000-2020,74,-8.477,135.47,4,1,0.557,0.8,0.0601,0.0012,0.0906,0.582,soul
Rag'n'Bone Man,Human,43,2016,204,2018,343,2000s,2000-2020,74,-8.477,135.47,4,1,0.557,0.8,0.0601,0.0012,0.0906,0.582,soul
Rag'n'Bone Man,Human,43,2016,204,2019,451,2000s,2000-2020,74,-8.477,135.47,4,1,0.557,0.8,0.0601,0.0012,0.0906,0.582,soul
Amy Winehouse,Rehab,44,2007,184,2007,322,2000s,2000-2020,73,-2.974,71.515,4,1,0.434,0.872,0.0702,1.83E-06,0.396,0.732,soul
Amy Winehouse,Rehab,44,2007,184,2008,543,2000s,2000-2020,73,-2.974,71.515,4,1,0.434,0.872,0.0702,1.83E-06,0.396,0.732,soul
Amy Winehouse,Rehab,44,2007,184,2009,758,2000s,2000-2020,73,-2.974,71.515,4,1,0.434,0.872,0.0702,1.83E-06,0.396,0.732,soul
Amy Winehouse,Rehab,44,2007,184,2010,453,2000s,2000-2020,73,-2.974,71.515,4,1,0.434,0.872,0.0702,1.83E-06,0.396,0.732,soul
Amy Winehouse,Rehab,44,2007,184,2011,184,2000s,2000-2020,73,-2.974,71.515,4,1,0.434,0.872,0.0702,1.83E-06,0.396,0.732,soul
Amy Winehouse,Rehab,44,2007,184,2012,342,2000s,2000-2020,73,-2.974,71.515,4,1,0.434,0.872,0.0702,1.83E-06,0.396,0.732,soul
Amy Winehouse,Rehab,44,2007,184,2013,567,2000s,2000-2020,73,-2.974,71.515,4,1,0.434,0.872,0.0702,1.83E-06,0.396,0.732,soul
Amy Winehouse,Rehab,44,2007,184,2014,449,2000s,2000-2020,73,-2.974,71.515,4,1,0.434,0.872,0.0702,1.83E-06,0.396,0.732,soul
Amy Winehouse,Rehab,44,2007,184,2015,426,2000s,2000-2020,73,-2.974,71.515,4,1,0.434,0.872,0.0702,1.83E-06,0.396,0.732,soul
Amy Winehouse,Rehab,44,2007,184,2016,407,2000s,2000-2020,73,-2.974,71.515,4,1,0.434,0.872,0.0702,1.83E-06,0.396,0.732,soul
Amy Winehouse,Rehab,44,2007,184,2017,481,2000s,2000-2020,73,-2.974,71.515,4,1,0.434,0.872,0.0702,1.83E-06,0.396,0.732,soul
Amy Winehouse,Rehab,44,2007,184,2018,369,2000s,2000-2020,73,-2.974,71.515,4,1,0.434,0.872,0.0702,1.83E-06,0.396,0.732,soul
Amy Winehouse,Rehab,44,2007,184,2019,564,2000s,2000-2020,73,-2.974,71.515,4,1,0.434,0.872,0.0702,1.83E-06,0.396,0.732,soul
Amy Winehouse,You know I'm no good,45,2007,256,2007,351,2000s,2000-2020,73,-3.607,103.383,4,1,0.705,0.806,0.0309,0.00428,0.0701,0.734,soul
Amy Winehouse,You know I'm no good,45,2007,256,2008,435,2000s,2000-2020,73,-3.607,103.383,4,1,0.705,0.806,0.0309,0.00428,0.0701,0.734,soul
Amy Winehouse,You know I'm no good,45,2007,256,2009,642,2000s,2000-2020,73,-3.607,103.383,4,1,0.705,0.806,0.0309,0.00428,0.0701,0.734,soul
Amy Winehouse,You know I'm no good,45,2007,256,2010,588,2000s,2000-2020,73,-3.607,103.383,4,1,0.705,0.806,0.0309,0.00428,0.0701,0.734,soul
Amy Winehouse,You know I'm no good,45,2007,256,2011,256,2000s,2000-2020,73,-3.607,103.383,4,1,0.705,0.806,0.0309,0.00428,0.0701,0.734,soul
Amy Winehouse,You know I'm no good,45,2007,256,2012,426,2000s,2000-2020,73,-3.607,103.383,4,1,0.705,0.806,0.0309,0.00428,0.0701,0.734,soul
Amy Winehouse,You know I'm no good,45,2007,256,2013,607,2000s,2000-2020,73,-3.607,103.383,4,1,0.705,0.806,0.0309,0.00428,0.0701,0.734,soul
Amy Winehouse,You know I'm no good,45,2007,256,2014,613,2000s,2000-2020,73,-3.607,103.383,4,1,0.705,0.806,0.0309,0.00428,0.0701,0.734,soul
Amy Winehouse,You know I'm no good,45,2007,256,2015,612,2000s,2000-2020,73,-3.607,103.383,4,1,0.705,0.806,0.0309,0.00428,0.0701,0.734,soul
Amy Winehouse,You know I'm no good,45,2007,256,2016,669,2000s,2000-2020,73,-3.607,103.383,4,1,0.705,0.806,0.0309,0.00428,0.0701,0.734,soul
Amy Winehouse,You know I'm no good,45,2007,256,2017,705,2000s,2000-2020,73,-3.607,103.383,4,1,0.705,0.806,0.0309,0.00428,0.0701,0.734,soul
Amy Winehouse,You know I'm no good,45,2007,256,2018,635,2000s,2000-2020,73,-3.607,103.383,4,1,0.705,0.806,0.0309,0.00428,0.0701,0.734,soul
Amy Winehouse,You know I'm no good,45,2007,256,2019,781,2000s,2000-2020,73,-3.607,103.383,4,1,0.705,0.806,0.0309,0.00428,0.0701,0.734,soul
