artist,title,title_index,release_year,hp,bill_year,bill_ranking,era,popularity,loudness,tempo,time,modality,danceability,energy,speechiness,instrumentalness,liveness,valence,genre
Dave Brubeck Quartet,Take Five,1,1962,279,1999,279,oldies,65,-13.193,174.322,5,0,0.454,0.26,0.0401,0.00078,0.0675,0.598,other
Dave Brubeck Quartet,Take Five,1,1962,279,2000,621,oldies,65,-13.193,174.322,5,0,0.454,0.26,0.0401,0.00078,0.0675,0.598,other
Dave Brubeck Quartet,Take Five,1,1962,279,2001,741,oldies,65,-13.193,174.322,5,0,0.454,0.26,0.0401,0.00078,0.0675,0.598,other
Dave Brubeck Quartet,Take Five,1,1962,279,2002,526,oldies,65,-13.193,174.322,5,0,0.454,0.26,0.0401,0.00078,0.0675,0.598,other
Dave Brubeck Quartet,Take Five,1,1962,279,2003,392,oldies,65,-13.193,174.322,5,0,0.454,0.26,0.0401,0.00078,0.0675,0.598,other
Dave Brubeck Quartet,Take Five,1,1962,279,2004,485,oldies,65,-13.193,174.322,5,0,0.454,0.26,0.0401,0.00078,0.0675,0.598,other
Dave Brubeck Quartet,Take Five,1,1962,279,2005,602,oldies,65,-13.193,174.322,5,0,0.454,0.26,0.0401,0.00078,0.0675,0.598,other
Dave Brubeck Quartet,Take Five,1,1962,279,2006,586,oldies,65,-13.193,174.322,5,0,0.454,0.26,0.0401,0.00078,0.0675,0.598,other
Dave Brubeck Quartet,Take Five,1,1962,279,2007,604,oldies,65,-13.193,174.322,5,0,0.454,0.26,0.0401,0.00078,0.0675,0.598,other
Dave Brubeck Quartet,Take Five,1,1962,279,2008,537,oldies,65,-13.193,174.322,5,0,0.454,0.26,0.0401,0.00078,0.0675,0.598,other
Dave Brubeck Quartet,Take Five,1,1962,279,2009,577,oldies,65,-13.193,174.322,5,0,0.454,0.26,0.0401,0.00078,0.0675,0.598,other
Dave Brubeck Quartet,Take Five,1,1962,279,2010,724,oldies,65,-13.193,174.322,5,0,0.454,0.26,0.0401,0.00078,0.0675,0.598,other
Dave Brubeck Quartet,Take Five,1,1962,279,2011,734,oldies,65,-13.193,174.322,5,0,0.454,0.26,0.0401,0.00078,0.0675,0.598,other
Dave Brubeck Quartet,Take Five,1,1962,279,2012,529,oldies,65,-13.193,174.322,5,0,0.454,0.26,0.0401,0.00078,0.0675,0.598,other
Dave Brubeck Quartet,Take Five,1,1962,279,2013,506,oldies,65,-13.193,174.322,5,0,0.454,0.26,0.0401,0.00078,0.0675,0.598,other
Dave Brubeck Quartet,Take Five,1,1962,279,2014,550,oldies,65,-13.193,174.322,5,0,0.454,0.26,0.0401,0.00078,0.0675,0.598,other
Dave Brubeck Quartet,Take Five,1,1962,279,2015,829,oldies,65,-13.193,174.322,5,0,0.454,0.26,0.0401,0.00078,0.0675,0.598,other
Dave Brubeck Quartet,Take Five,1,1962,279,2016,1165,oldies,65,-13.193,174.322,5,0,0.454,0.26,0.0401,0.00078,0.0675,0.598,other
Dave Brubeck Quartet,Take Five,1,1962,279,2017,976,oldies,65,-13.193,174.322,5,0,0.454,0.26,0.0401,0.00078,0.0675,0.598,other
Dave Brubeck Quartet,Take Five,1,1962,279,2018,1224,oldies,65,-13.193,174.322,5,0,0.454,0.26,0.0401,0.00078,0.0675,0.598,other
Dave Brubeck Quartet,Take Five,1,1962,279,2019,1298,oldies,65,-13.193,174.322,5,0,0.454,0.26,0.0401,0.00078,0.0675,0.598,other
Otis Redding,(Sittin' on) the dock of the bay,2,1968,31,1999,240,oldies,73,-11.226,103.621,4,1,0.769,0.367,0.0312,1.62E-05,0.081,0.535,other
Otis Redding,(Sittin' on) the dock of the bay,2,1968,31,2000,450,oldies,73,-11.226,103.621,4,1,0.769,0.367,0.0312,1.62E-05,0.081,0.535,other
Otis Redding,(Sittin' on) the dock of the bay,2,1968,31,2001,371,oldies,73,-11.226,103.621,4,1,0.769,0.367,0.0312,1.62E-05,0.081,0.535,other
Otis Redding,(Sittin' on) the dock of the bay,2,1968,31,2002,344,oldies,73,-11.226,103.621,4,1,0.769,0.367,0.0312,1.62E-05,0.081,0.535,other
Otis Redding,(Sittin' on) the dock of the bay,2,1968,31,2003,239,oldies,73,-11.226,103.621,4,1,0.769,0.367,0.0312,1.62E-05,0.081,0.535,other
Otis Redding,(Sittin' on) the dock of the bay,2,1968,31,2004,257,oldies,73,-11.226,103.621,4,1,0.769,0.367,0.0312,1.62E-05,0.081,0.535,other
Otis Redding,(Sittin' on) the dock of the bay,2,1968,31,2005,285,oldies,73,-11.226,103.621,4,1,0.769,0.367,0.0312,1.62E-05,0.081,0.535,other
Otis Redding,(Sittin' on) the dock of the bay,2,1968,31,2006,253,oldies,73,-11.226,103.621,4,1,0.769,0.367,0.0312,1.62E-05,0.081,0.535,other
Otis Redding,(Sittin' on) the dock of the bay,2,1968,31,2007,297,oldies,73,-11.226,103.621,4,1,0.769,0.367,0.0312,1.62E-05,0.081,0.535,other
Otis Redding,(Sittin' on) the dock of the bay,2,1968,31,2008,259,oldies,73,-11.226,103.621,4,1,0.769,0.367,0.0312,1.62E-05,0.081,0.535,other
Otis Redding,(Sittin' on) the dock of the bay,2,1968,31,2009,195,oldies,73,-11.226,103.621,4,1,0.769,0.367,0.0312,1.62E-05,0.081,0.535,other
Otis Redding,(Sittin' on) the dock of the bay,2,1968,31,2010,155,oldies,73,-11.226,103.621,4,1,0.769,0.367,0.0312,1.62E-05,0.081,0.535,other
Otis Redding,(Sittin' on) the dock of the bay,2,1968,31,2011,84,oldies,73,-11.226,103.621,4,1,0.769,0.367,0.0312,1.62E-05,0.081,0.535,other
Otis Redding,(Sittin' on) the dock of the bay,2,1968,31,2012,31,oldies,73,-11.226,103.621,4,1,0.769,0.367,0.0312,1.62E-05,0.081,0.535,other
Otis Redding,(Sittin' on) the dock of the bay,2,1968,31,2013,51,oldies,73,-11.226,103.621,4,1,0.769,0.367,0.0312,1.62E-05,0.081,0.535,other
Otis Redding,(Sittin' on) the dock of the bay,2,1968,31,2014,67,oldies,73,-11.226,103.621,4,1,0.769,0.367,0.0312,1.62E-05,0.081,0.535,other
Otis Redding,(Sittin' on) the dock of the bay,2,1968,31,2015,82,oldies,73,-11.226,103.621,4,1,0.769,0.367,0.0312,1.62E-05,0.081,0.535,other
Otis Redding,(Sittin' on) the dock of the bay,2,1968,31,2016,56,oldies,73,-11.226,103.621,4,1,0.769,0.367,0.0312,1.62E-05,0.081,0.535,other
Otis Redding,(Sittin' on) the dock of the bay,2,1968,31,2017,74,oldies,73,-11.226,103.621,4,1,0.769,0.367,0.0312,1.62E-05,0.081,0.535,other
Otis Redding,(Sittin' on) the dock of the bay,2,1968,31,2018,90,oldies,73,-11.226,103.621,4,1,0.769,0.367,0.0312,1.62E-05,0.081,0.535,other
Otis Redding,(Sittin' on) the dock of the bay,2,1968,31,2019,99,oldies,73,-11.226,103.621,4,1,0.769,0.367,0.0312,1.62E-05,0.081,0.535,other
Norah Jones,Don't Know Why,3,2002,314,2004,314,2000s,73,-11.775,88.174,4,1,0.732,0.198,0.028,1.10E-05,0.0659,0.618,other
Norah Jones,Don't Know Why,3,2002,314,2005,361,2000s,73,-11.775,88.174,4,1,0.732,0.198,0.028,1.10E-05,0.0659,0.618,other
Norah Jones,Don't Know Why,3,2002,314,2008,674,2000s,73,-11.775,88.174,4,1,0.732,0.198,0.028,1.10E-05,0.0659,0.618,other
Norah Jones,Don't Know Why,3,2002,314,2006,685,2000s,73,-11.775,88.174,4,1,0.732,0.198,0.028,1.10E-05,0.0659,0.618,other
Norah Jones,Don't Know Why,3,2002,314,2009,806,2000s,73,-11.775,88.174,4,1,0.732,0.198,0.028,1.10E-05,0.0659,0.618,other
Norah Jones,Don't Know Why,3,2002,314,2007,819,2000s,73,-11.775,88.174,4,1,0.732,0.198,0.028,1.10E-05,0.0659,0.618,other
Norah Jones,Don't Know Why,3,2002,314,2010,914,2000s,73,-11.775,88.174,4,1,0.732,0.198,0.028,1.10E-05,0.0659,0.618,other
Norah Jones,Don't Know Why,3,2002,314,2013,928,2000s,73,-11.775,88.174,4,1,0.732,0.198,0.028,1.10E-05,0.0659,0.618,other
Norah Jones,Don't Know Why,3,2002,314,2012,982,2000s,73,-11.775,88.174,4,1,0.732,0.198,0.028,1.10E-05,0.0659,0.618,other
Norah Jones,Don't Know Why,3,2002,314,2011,1112,2000s,73,-11.775,88.174,4,1,0.732,0.198,0.028,1.10E-05,0.0659,0.618,other
Norah Jones,Don't Know Why,3,2002,314,2014,1245,2000s,73,-11.775,88.174,4,1,0.732,0.198,0.028,1.10E-05,0.0659,0.618,other
Norah Jones,Don't Know Why,3,2002,314,2015,1298,2000s,73,-11.775,88.174,4,1,0.732,0.198,0.028,1.10E-05,0.0659,0.618,other
Norah Jones,Don't Know Why,3,2002,314,2018,1388,2000s,73,-11.775,88.174,4,1,0.732,0.198,0.028,1.10E-05,0.0659,0.618,other
Norah Jones,Don't Know Why,3,2002,314,2016,1547,2000s,73,-11.775,88.174,4,1,0.732,0.198,0.028,1.10E-05,0.0659,0.618,other
Norah Jones,Don't Know Why,3,2002,314,2019,1660,2000s,73,-11.775,88.174,4,1,0.732,0.198,0.028,1.10E-05,0.0659,0.618,other
Norah Jones,Don't Know Why,3,2002,314,2017,1828,2000s,73,-11.775,88.174,4,1,0.732,0.198,0.028,1.10E-05,0.0659,0.618,other
Queen,Bohemian Rhapsody,4,1975,1,1999,1,oldies,75,-9.961,143.883,4,0,0.392,0.402,0.0536,0,0.243,0.228,rock
Queen,Bohemian Rhapsody,4,1975,1,2000,1,oldies,75,-9.961,143.883,4,0,0.392,0.402,0.0536,0,0.243,0.228,rock
Queen,Bohemian Rhapsody,4,1975,1,2001,1,oldies,75,-9.961,143.883,4,0,0.392,0.402,0.0536,0,0.243,0.228,rock
Queen,Bohemian Rhapsody,4,1975,1,2002,1,oldies,75,-9.961,143.883,4,0,0.392,0.402,0.0536,0,0.243,0.228,rock
Queen,Bohemian Rhapsody,4,1975,1,2003,1,oldies,75,-9.961,143.883,4,0,0.392,0.402,0.0536,0,0.243,0.228,rock
Queen,Bohemian Rhapsody,4,1975,1,2004,1,oldies,75,-9.961,143.883,4,0,0.392,0.402,0.0536,0,0.243,0.228,rock
Queen,Bohemian Rhapsody,4,1975,1,2005,2,oldies,75,-9.961,143.883,4,0,0.392,0.402,0.0536,0,0.243,0.228,rock
Queen,Bohemian Rhapsody,4,1975,1,2006,1,oldies,75,-9.961,143.883,4,0,0.392,0.402,0.0536,0,0.243,0.228,rock
Queen,Bohemian Rhapsody,4,1975,1,2007,1,oldies,75,-9.961,143.883,4,0,0.392,0.402,0.0536,0,0.243,0.228,rock
Queen,Bohemian Rhapsody,4,1975,1,2008,1,oldies,75,-9.961,143.883,4,0,0.392,0.402,0.0536,0,0.243,0.228,rock
Queen,Bohemian Rhapsody,4,1975,1,2009,1,oldies,75,-9.961,143.883,4,0,0.392,0.402,0.0536,0,0.243,0.228,rock
Queen,Bohemian Rhapsody,4,1975,1,2010,2,oldies,75,-9.961,143.883,4,0,0.392,0.402,0.0536,0,0.243,0.228,rock
Queen,Bohemian Rhapsody,4,1975,1,2011,1,oldies,75,-9.961,143.883,4,0,0.392,0.402,0.0536,0,0.243,0.228,rock
Queen,Bohemian Rhapsody,4,1975,1,2012,1,oldies,75,-9.961,143.883,4,0,0.392,0.402,0.0536,0,0.243,0.228,rock
Queen,Bohemian Rhapsody,4,1975,1,2013,1,oldies,75,-9.961,143.883,4,0,0.392,0.402,0.0536,0,0.243,0.228,rock
Queen,Bohemian Rhapsody,4,1975,1,2014,2,oldies,75,-9.961,143.883,4,0,0.392,0.402,0.0536,0,0.243,0.228,rock
Queen,Bohemian Rhapsody,4,1975,1,2015,2,oldies,75,-9.961,143.883,4,0,0.392,0.402,0.0536,0,0.243,0.228,rock
Queen,Bohemian Rhapsody,4,1975,1,2016,1,oldies,75,-9.961,143.883,4,0,0.392,0.402,0.0536,0,0.243,0.228,rock
Queen,Bohemian Rhapsody,4,1975,1,2017,1,oldies,75,-9.961,143.883,4,0,0.392,0.402,0.0536,0,0.243,0.228,rock
Queen,Bohemian Rhapsody,4,1975,1,2018,1,oldies,75,-9.961,143.883,4,0,0.392,0.402,0.0536,0,0.243,0.228,rock
Queen,Bohemian Rhapsody,4,1975,1,2019,1,oldies,75,-9.961,143.883,4,0,0.392,0.402,0.0536,0,0.243,0.228,rock
Coldplay,Clocks,5,2003,6,2011,10,2000s,76,-7.215,130.969,4,0,0.577,0.749,0.0279,0.0112,0.183,0.261,pop
Coldplay,Clocks,5,2003,6,2012,9,2000s,76,-7.215,130.969,4,0,0.577,0.749,0.0279,0.0112,0.183,0.261,pop
Coldplay,Clocks,5,2003,6,2013,12,2000s,76,-7.215,130.969,4,0,0.577,0.749,0.0279,0.0112,0.183,0.261,pop
Coldplay,Clocks,5,2003,6,2014,20,2000s,76,-7.215,130.969,4,0,0.577,0.749,0.0279,0.0112,0.183,0.261,pop
Coldplay,Clocks,5,2003,6,2015,29,2000s,76,-7.215,130.969,4,0,0.577,0.749,0.0279,0.0112,0.183,0.261,pop
Coldplay,Clocks,5,2003,6,2016,36,2000s,76,-7.215,130.969,4,0,0.577,0.749,0.0279,0.0112,0.183,0.261,pop
Coldplay,Clocks,5,2003,6,2017,46,2000s,76,-7.215,130.969,4,0,0.577,0.749,0.0279,0.0112,0.183,0.261,pop
Coldplay,Clocks,5,2003,6,2018,57,2000s,76,-7.215,130.969,4,0,0.577,0.749,0.0279,0.0112,0.183,0.261,pop
Coldplay,Clocks,5,2003,6,2019,80,2000s,76,-7.215,130.969,4,0,0.577,0.749,0.0279,0.0112,0.183,0.261,pop
Amy Winehouse,Back to black,6,2006,43,2011,1089,2000s,76,-3.304,123.28,4,1,0.49,0.725,0.0392,2.68E-05,0.0983,0.335,other
Amy Winehouse,Back to black,6,2006,43,2012,97,2000s,76,-3.304,123.28,4,1,0.49,0.725,0.0392,2.68E-05,0.0983,0.335,other
Amy Winehouse,Back to black,6,2006,43,2013,175,2000s,76,-3.304,123.28,4,1,0.49,0.725,0.0392,2.68E-05,0.0983,0.335,other
Amy Winehouse,Back to black,6,2006,43,2014,153,2000s,76,-3.304,123.28,4,1,0.49,0.725,0.0392,2.68E-05,0.0983,0.335,other
Amy Winehouse,Back to black,6,2006,43,2015,98,2000s,76,-3.304,123.28,4,1,0.49,0.725,0.0392,2.68E-05,0.0983,0.335,other
Amy Winehouse,Back to black,6,2006,43,2016,45,2000s,76,-3.304,123.28,4,1,0.49,0.725,0.0392,2.68E-05,0.0983,0.335,other
Amy Winehouse,Back to black,6,2006,43,2017,57,2000s,76,-3.304,123.28,4,1,0.49,0.725,0.0392,2.68E-05,0.0983,0.335,other
Amy Winehouse,Back to black,6,2006,43,2018,43,2000s,76,-3.304,123.28,4,1,0.49,0.725,0.0392,2.68E-05,0.0983,0.335,other
Amy Winehouse,Back to black,6,2006,43,2019,58,2000s,76,-3.304,123.28,4,1,0.49,0.725,0.0392,2.68E-05,0.0983,0.335,other
John Lennon,Imagine,7,1971,1,1999,7,oldies,78,-12.358,75.752,4,1,0.547,0.257,0.0252,0.183,0.0935,0.169,rock
John Lennon,Imagine,7,1971,1,2000,7,oldies,78,-12.358,75.752,4,1,0.547,0.257,0.0252,0.183,0.0935,0.169,rock
John Lennon,Imagine,7,1971,1,2001,11,oldies,78,-12.358,75.752,4,1,0.547,0.257,0.0252,0.183,0.0935,0.169,rock
John Lennon,Imagine,7,1971,1,2002,11,oldies,78,-12.358,75.752,4,1,0.547,0.257,0.0252,0.183,0.0935,0.169,rock
John Lennon,Imagine,7,1971,1,2003,13,oldies,78,-12.358,75.752,4,1,0.547,0.257,0.0252,0.183,0.0935,0.169,rock
John Lennon,Imagine,7,1971,1,2004,9,oldies,78,-12.358,75.752,4,1,0.547,0.257,0.0252,0.183,0.0935,0.169,rock
John Lennon,Imagine,7,1971,1,2005,15,oldies,78,-12.358,75.752,4,1,0.547,0.257,0.0252,0.183,0.0935,0.169,rock
John Lennon,Imagine,7,1971,1,2006,15,oldies,78,-12.358,75.752,4,1,0.547,0.257,0.0252,0.183,0.0935,0.169,rock
John Lennon,Imagine,7,1971,1,2007,41,oldies,78,-12.358,75.752,4,1,0.547,0.257,0.0252,0.183,0.0935,0.169,rock
John Lennon,Imagine,7,1971,1,2008,15,oldies,78,-12.358,75.752,4,1,0.547,0.257,0.0252,0.183,0.0935,0.169,rock
John Lennon,Imagine,7,1971,1,2009,41,oldies,78,-12.358,75.752,4,1,0.547,0.257,0.0252,0.183,0.0935,0.169,rock
John Lennon,Imagine,7,1971,1,2010,26,oldies,78,-12.358,75.752,4,1,0.547,0.257,0.0252,0.183,0.0935,0.169,rock
John Lennon,Imagine,7,1971,1,2011,28,oldies,78,-12.358,75.752,4,1,0.547,0.257,0.0252,0.183,0.0935,0.169,rock
John Lennon,Imagine,7,1971,1,2012,22,oldies,78,-12.358,75.752,4,1,0.547,0.257,0.0252,0.183,0.0935,0.169,rock
John Lennon,Imagine,7,1971,1,2013,23,oldies,78,-12.358,75.752,4,1,0.547,0.257,0.0252,0.183,0.0935,0.169,rock
John Lennon,Imagine,7,1971,1,2014,38,oldies,78,-12.358,75.752,4,1,0.547,0.257,0.0252,0.183,0.0935,0.169,rock
John Lennon,Imagine,7,1971,1,2015,1,oldies,78,-12.358,75.752,4,1,0.547,0.257,0.0252,0.183,0.0935,0.169,rock
John Lennon,Imagine,7,1971,1,2016,12,oldies,78,-12.358,75.752,4,1,0.547,0.257,0.0252,0.183,0.0935,0.169,rock
John Lennon,Imagine,7,1971,1,2017,16,oldies,78,-12.358,75.752,4,1,0.547,0.257,0.0252,0.183,0.0935,0.169,rock
John Lennon,Imagine,7,1971,1,2018,16,oldies,78,-12.358,75.752,4,1,0.547,0.257,0.0252,0.183,0.0935,0.169,rock
John Lennon,Imagine,7,1971,1,2019,29,oldies,78,-12.358,75.752,4,1,0.547,0.257,0.0252,0.183,0.0935,0.169,rock
Adele,Someone like you,8,2011,6,2011,6,2000s,78,-8.251,135.109,4,1,0.559,0.33,0.0285,0,0.0975,0.285,pop
Adele,Someone like you,8,2011,6,2012,8,2000s,78,-8.251,135.109,4,1,0.559,0.33,0.0285,0,0.0975,0.285,pop
Adele,Someone like you,8,2011,6,2015,18,2000s,78,-8.251,135.109,4,1,0.559,0.33,0.0285,0,0.0975,0.285,pop
Adele,Someone like you,8,2011,6,2013,25,2000s,78,-8.251,135.109,4,1,0.559,0.33,0.0285,0,0.0975,0.285,pop
Adele,Someone like you,8,2011,6,2014,35,2000s,78,-8.251,135.109,4,1,0.559,0.33,0.0285,0,0.0975,0.285,pop
Adele,Someone like you,8,2011,6,2016,47,2000s,78,-8.251,135.109,4,1,0.559,0.33,0.0285,0,0.0975,0.285,pop
Adele,Someone like you,8,2011,6,2017,89,2000s,78,-8.251,135.109,4,1,0.559,0.33,0.0285,0,0.0975,0.285,pop
Adele,Someone like you,8,2011,6,2018,97,2000s,78,-8.251,135.109,4,1,0.559,0.33,0.0285,0,0.0975,0.285,pop
Adele,Someone like you,8,2011,6,2019,126,2000s,78,-8.251,135.109,4,1,0.559,0.33,0.0285,0,0.0975,0.285,pop
Coldplay,Fix You,9,2005,8,2009,1494,2000s,81,-8.74,138.265,4,1,0.209,0.418,0.0338,0.00195,0.113,0.123,pop
Coldplay,Fix You,9,2005,8,2010,235,2000s,81,-8.74,138.265,4,1,0.209,0.418,0.0338,0.00195,0.113,0.123,pop
Coldplay,Fix You,9,2005,8,2011,69,2000s,81,-8.74,138.265,4,1,0.209,0.418,0.0338,0.00195,0.113,0.123,pop
Coldplay,Fix You,9,2005,8,2012,40,2000s,81,-8.74,138.265,4,1,0.209,0.418,0.0338,0.00195,0.113,0.123,pop
Coldplay,Fix You,9,2005,8,2013,20,2000s,81,-8.74,138.265,4,1,0.209,0.418,0.0338,0.00195,0.113,0.123,pop
Coldplay,Fix You,9,2005,8,2014,15,2000s,81,-8.74,138.265,4,1,0.209,0.418,0.0338,0.00195,0.113,0.123,pop
Coldplay,Fix You,9,2005,8,2015,10,2000s,81,-8.74,138.265,4,1,0.209,0.418,0.0338,0.00195,0.113,0.123,pop
Coldplay,Fix You,9,2005,8,2016,11,2000s,81,-8.74,138.265,4,1,0.209,0.418,0.0338,0.00195,0.113,0.123,pop
Coldplay,Fix You,9,2005,8,2017,8,2000s,81,-8.74,138.265,4,1,0.209,0.418,0.0338,0.00195,0.113,0.123,pop
Coldplay,Fix You,9,2005,8,2018,9,2000s,81,-8.74,138.265,4,1,0.209,0.418,0.0338,0.00195,0.113,0.123,pop
Coldplay,Fix You,9,2005,8,2019,8,2000s,81,-8.74,138.265,4,1,0.209,0.418,0.0338,0.00195,0.113,0.123,pop
"Earth, Wind & Fire",September,10,1979,117,1999,550,oldies,81,-7.288,125.901,4,1,0.694,0.831,0.0301,0.000892,0.25,0.98,other
"Earth, Wind & Fire",September,10,1979,117,2000,764,oldies,81,-7.288,125.901,4,1,0.694,0.831,0.0301,0.000892,0.25,0.98,other
"Earth, Wind & Fire",September,10,1979,117,2001,814,oldies,81,-7.288,125.901,4,1,0.694,0.831,0.0301,0.000892,0.25,0.98,other
"Earth, Wind & Fire",September,10,1979,117,2002,689,oldies,81,-7.288,125.901,4,1,0.694,0.831,0.0301,0.000892,0.25,0.98,other
"Earth, Wind & Fire",September,10,1979,117,2003,833,oldies,81,-7.288,125.901,4,1,0.694,0.831,0.0301,0.000892,0.25,0.98,other
"Earth, Wind & Fire",September,10,1979,117,2004,854,oldies,81,-7.288,125.901,4,1,0.694,0.831,0.0301,0.000892,0.25,0.98,other
"Earth, Wind & Fire",September,10,1979,117,2005,1043,oldies,81,-7.288,125.901,4,1,0.694,0.831,0.0301,0.000892,0.25,0.98,other
"Earth, Wind & Fire",September,10,1979,117,2006,813,oldies,81,-7.288,125.901,4,1,0.694,0.831,0.0301,0.000892,0.25,0.98,other
"Earth, Wind & Fire",September,10,1979,117,2007,1109,oldies,81,-7.288,125.901,4,1,0.694,0.831,0.0301,0.000892,0.25,0.98,other
"Earth, Wind & Fire",September,10,1979,117,2008,885,oldies,81,-7.288,125.901,4,1,0.694,0.831,0.0301,0.000892,0.25,0.98,other
"Earth, Wind & Fire",September,10,1979,117,2009,875,oldies,81,-7.288,125.901,4,1,0.694,0.831,0.0301,0.000892,0.25,0.98,other
"Earth, Wind & Fire",September,10,1979,117,2010,687,oldies,81,-7.288,125.901,4,1,0.694,0.831,0.0301,0.000892,0.25,0.98,other
"Earth, Wind & Fire",September,10,1979,117,2011,793,oldies,81,-7.288,125.901,4,1,0.694,0.831,0.0301,0.000892,0.25,0.98,other
"Earth, Wind & Fire",September,10,1979,117,2012,472,oldies,81,-7.288,125.901,4,1,0.694,0.831,0.0301,0.000892,0.25,0.98,other
"Earth, Wind & Fire",September,10,1979,117,2013,290,oldies,81,-7.288,125.901,4,1,0.694,0.831,0.0301,0.000892,0.25,0.98,other
"Earth, Wind & Fire",September,10,1979,117,2014,279,oldies,81,-7.288,125.901,4,1,0.694,0.831,0.0301,0.000892,0.25,0.98,other
"Earth, Wind & Fire",September,10,1979,117,2015,243,oldies,81,-7.288,125.901,4,1,0.694,0.831,0.0301,0.000892,0.25,0.98,other
"Earth, Wind & Fire",September,10,1979,117,2016,147,oldies,81,-7.288,125.901,4,1,0.694,0.831,0.0301,0.000892,0.25,0.98,other
"Earth, Wind & Fire",September,10,1979,117,2017,149,oldies,81,-7.288,125.901,4,1,0.694,0.831,0.0301,0.000892,0.25,0.98,other
"Earth, Wind & Fire",September,10,1979,117,2018,117,oldies,81,-7.288,125.901,4,1,0.694,0.831,0.0301,0.000892,0.25,0.98,other
"Earth, Wind & Fire",September,10,1979,117,2019,170,oldies,81,-7.288,125.901,4,1,0.694,0.831,0.0301,0.000892,0.25,0.98,other
Eagles,Hotel California,11,1977,1,1999,2,oldies,82,-9.484,147.125,4,1,0.579,0.508,0.027,0.000494,0.0575,0.609,rock
Eagles,Hotel California,11,1977,1,2000,4,oldies,82,-9.484,147.125,4,1,0.579,0.508,0.027,0.000494,0.0575,0.609,rock
Eagles,Hotel California,11,1977,1,2001,3,oldies,82,-9.484,147.125,4,1,0.579,0.508,0.027,0.000494,0.0575,0.609,rock
Eagles,Hotel California,11,1977,1,2002,3,oldies,82,-9.484,147.125,4,1,0.579,0.508,0.027,0.000494,0.0575,0.609,rock
Eagles,Hotel California,11,1977,1,2003,2,oldies,82,-9.484,147.125,4,1,0.579,0.508,0.027,0.000494,0.0575,0.609,rock
Eagles,Hotel California,11,1977,1,2004,2,oldies,82,-9.484,147.125,4,1,0.579,0.508,0.027,0.000494,0.0575,0.609,rock
Eagles,Hotel California,11,1977,1,2005,3,oldies,82,-9.484,147.125,4,1,0.579,0.508,0.027,0.000494,0.0575,0.609,rock
Eagles,Hotel California,11,1977,1,2006,3,oldies,82,-9.484,147.125,4,1,0.579,0.508,0.027,0.000494,0.0575,0.609,rock
Eagles,Hotel California,11,1977,1,2007,3,oldies,82,-9.484,147.125,4,1,0.579,0.508,0.027,0.000494,0.0575,0.609,rock
Eagles,Hotel California,11,1977,1,2008,2,oldies,82,-9.484,147.125,4,1,0.579,0.508,0.027,0.000494,0.0575,0.609,rock
Eagles,Hotel California,11,1977,1,2009,2,oldies,82,-9.484,147.125,4,1,0.579,0.508,0.027,0.000494,0.0575,0.609,rock
Eagles,Hotel California,11,1977,1,2010,1,oldies,82,-9.484,147.125,4,1,0.579,0.508,0.027,0.000494,0.0575,0.609,rock
Eagles,Hotel California,11,1977,1,2011,2,oldies,82,-9.484,147.125,4,1,0.579,0.508,0.027,0.000494,0.0575,0.609,rock
Eagles,Hotel California,11,1977,1,2012,2,oldies,82,-9.484,147.125,4,1,0.579,0.508,0.027,0.000494,0.0575,0.609,rock
Eagles,Hotel California,11,1977,1,2013,2,oldies,82,-9.484,147.125,4,1,0.579,0.508,0.027,0.000494,0.0575,0.609,rock
Eagles,Hotel California,11,1977,1,2014,1,oldies,82,-9.484,147.125,4,1,0.579,0.508,0.027,0.000494,0.0575,0.609,rock
Eagles,Hotel California,11,1977,1,2015,3,oldies,82,-9.484,147.125,4,1,0.579,0.508,0.027,0.000494,0.0575,0.609,rock
Eagles,Hotel California,11,1977,1,2016,2,oldies,82,-9.484,147.125,4,1,0.579,0.508,0.027,0.000494,0.0575,0.609,rock
Eagles,Hotel California,11,1977,1,2017,2,oldies,82,-9.484,147.125,4,1,0.579,0.508,0.027,0.000494,0.0575,0.609,rock
Eagles,Hotel California,11,1977,1,2018,2,oldies,82,-9.484,147.125,4,1,0.579,0.508,0.027,0.000494,0.0575,0.609,rock
Eagles,Hotel California,11,1977,1,2019,2,oldies,82,-9.484,147.125,4,1,0.579,0.508,0.027,0.000494,0.0575,0.609,rock
Imagine Dragons,Believer,12,2017,336,2017,1178,2000s,88,-4.374,124.949,4,0,0.776,0.78,0.128,0,0.081,0.666,rock
Imagine Dragons,Believer,12,2017,336,2018,336,2000s,88,-4.374,124.949,4,0,0.776,0.78,0.128,0,0.081,0.666,rock
Imagine Dragons,Believer,12,2017,336,2019,378,2000s,88,-4.374,124.949,4,0,0.776,0.78,0.128,0,0.081,0.666,rock
Imagine Dragons,Thunder,13,2017,458,2017,935,2000s,85,-4.833,167.997,4,1,0.605,0.822,0.0438,0.134,0.147,0.288,rock
Imagine Dragons,Thunder,13,2017,458,2018,458,2000s,85,-4.833,167.997,4,1,0.605,0.822,0.0438,0.134,0.147,0.288,rock
Imagine Dragons,Thunder,13,2017,458,2019,742,2000s,85,-4.833,167.997,4,1,0.605,0.822,0.0438,0.134,0.147,0.288,rock
Toto,Africa,14,1982,8,1999,34,oldies,83,-18.064,92.717,4,1,0.671,0.373,0.0323,7.95E-05,0.0481,0.732,rock
Toto,Africa,14,1982,8,2000,49,oldies,83,-18.064,92.717,4,1,0.671,0.373,0.0323,7.95E-05,0.0481,0.732,rock
Toto,Africa,14,1982,8,2001,33,oldies,83,-18.064,92.717,4,1,0.671,0.373,0.0323,7.95E-05,0.0481,0.732,rock
Toto,Africa,14,1982,8,2002,39,oldies,83,-18.064,92.717,4,1,0.671,0.373,0.0323,7.95E-05,0.0481,0.732,rock
Toto,Africa,14,1982,8,2003,52,oldies,83,-18.064,92.717,4,1,0.671,0.373,0.0323,7.95E-05,0.0481,0.732,rock
Toto,Africa,14,1982,8,2004,63,oldies,83,-18.064,92.717,4,1,0.671,0.373,0.0323,7.95E-05,0.0481,0.732,rock
Toto,Africa,14,1982,8,2005,70,oldies,83,-18.064,92.717,4,1,0.671,0.373,0.0323,7.95E-05,0.0481,0.732,rock
Toto,Africa,14,1982,8,2006,75,oldies,83,-18.064,92.717,4,1,0.671,0.373,0.0323,7.95E-05,0.0481,0.732,rock
Toto,Africa,14,1982,8,2007,110,oldies,83,-18.064,92.717,4,1,0.671,0.373,0.0323,7.95E-05,0.0481,0.732,rock
Toto,Africa,14,1982,8,2008,66,oldies,83,-18.064,92.717,4,1,0.671,0.373,0.0323,7.95E-05,0.0481,0.732,rock
Toto,Africa,14,1982,8,2009,100,oldies,83,-18.064,92.717,4,1,0.671,0.373,0.0323,7.95E-05,0.0481,0.732,rock
Toto,Africa,14,1982,8,2010,97,oldies,83,-18.064,92.717,4,1,0.671,0.373,0.0323,7.95E-05,0.0481,0.732,rock
Toto,Africa,14,1982,8,2011,87,oldies,83,-18.064,92.717,4,1,0.671,0.373,0.0323,7.95E-05,0.0481,0.732,rock
Toto,Africa,14,1982,8,2012,62,oldies,83,-18.064,92.717,4,1,0.671,0.373,0.0323,7.95E-05,0.0481,0.732,rock
Toto,Africa,14,1982,8,2013,28,oldies,83,-18.064,92.717,4,1,0.671,0.373,0.0323,7.95E-05,0.0481,0.732,rock
Toto,Africa,14,1982,8,2014,51,oldies,83,-18.064,92.717,4,1,0.671,0.373,0.0323,7.95E-05,0.0481,0.732,rock
Toto,Africa,14,1982,8,2015,42,oldies,83,-18.064,92.717,4,1,0.671,0.373,0.0323,7.95E-05,0.0481,0.732,rock
Toto,Africa,14,1982,8,2016,30,oldies,83,-18.064,92.717,4,1,0.671,0.373,0.0323,7.95E-05,0.0481,0.732,rock
Toto,Africa,14,1982,8,2017,25,oldies,83,-18.064,92.717,4,1,0.671,0.373,0.0323,7.95E-05,0.0481,0.732,rock
Toto,Africa,14,1982,8,2018,8,oldies,83,-18.064,92.717,4,1,0.671,0.373,0.0323,7.95E-05,0.0481,0.732,rock
Toto,Africa,14,1982,8,2019,11,oldies,83,-18.064,92.717,4,1,0.671,0.373,0.0323,7.95E-05,0.0481,0.732,rock
Twenty One Pilots,Stressed out,15,2015,868,2016,1398,2000s,83,-5.677,169.977,4,0,0.734,0.637,0.141,2.29E-05,0.0602,0.648,rock
Twenty One Pilots,Stressed out,15,2015,868,2017,1080,2000s,83,-5.677,169.977,4,0,0.734,0.637,0.141,2.29E-05,0.0602,0.648,rock
Twenty One Pilots,Stressed out,15,2015,868,2018,868,2000s,83,-5.677,169.977,4,0,0.734,0.637,0.141,2.29E-05,0.0602,0.648,rock
Twenty One Pilots,Stressed out,15,2015,868,2019,896,2000s,83,-5.677,169.977,4,0,0.734,0.637,0.141,2.29E-05,0.0602,0.648,rock
AC/DC,Highway to hell,16,1979,43,2011,128,oldies,83,-4.793,115.715,4,0,0.573,0.913,0.132,0.00173,0.156,0.422,rock
AC/DC,Highway to hell,16,1979,43,2012,114,oldies,83,-4.793,115.715,4,0,0.573,0.913,0.132,0.00173,0.156,0.422,rock
AC/DC,Highway to hell,16,1979,43,2013,121,oldies,83,-4.793,115.715,4,0,0.573,0.913,0.132,0.00173,0.156,0.422,rock
AC/DC,Highway to hell,16,1979,43,2014,66,oldies,83,-4.793,115.715,4,0,0.573,0.913,0.132,0.00173,0.156,0.422,rock
AC/DC,Highway to hell,16,1979,43,2015,91,oldies,83,-4.793,115.715,4,0,0.573,0.913,0.132,0.00173,0.156,0.422,rock
AC/DC,Highway to hell,16,1979,43,2016,65,oldies,83,-4.793,115.715,4,0,0.573,0.913,0.132,0.00173,0.156,0.422,rock
AC/DC,Highway to hell,16,1979,43,2017,43,oldies,83,-4.793,115.715,4,0,0.573,0.913,0.132,0.00173,0.156,0.422,rock
AC/DC,Highway to hell,16,1979,43,2018,59,oldies,83,-4.793,115.715,4,0,0.573,0.913,0.132,0.00173,0.156,0.422,rock
AC/DC,Highway to hell,16,1979,43,2019,66,oldies,83,-4.793,115.715,4,0,0.573,0.913,0.132,0.00173,0.156,0.422,rock
Bon Jovi,Livin' on a prayer,17,1986,176,2000,176,oldies,83,-3.757,122.511,4,1,0.532,0.887,0.0335,0.000214,0.294,0.795,rock
Bon Jovi,Livin' on a prayer,17,1986,176,2001,258,oldies,83,-3.757,122.511,4,1,0.532,0.887,0.0335,0.000214,0.294,0.795,rock
Bon Jovi,Livin' on a prayer,17,1986,176,2002,198,oldies,83,-3.757,122.511,4,1,0.532,0.887,0.0335,0.000214,0.294,0.795,rock
Bon Jovi,Livin' on a prayer,17,1986,176,2003,256,oldies,83,-3.757,122.511,4,1,0.532,0.887,0.0335,0.000214,0.294,0.795,rock
Bon Jovi,Livin' on a prayer,17,1986,176,2004,337,oldies,83,-3.757,122.511,4,1,0.532,0.887,0.0335,0.000214,0.294,0.795,rock
Bon Jovi,Livin' on a prayer,17,1986,176,2005,363,oldies,83,-3.757,122.511,4,1,0.532,0.887,0.0335,0.000214,0.294,0.795,rock
Bon Jovi,Livin' on a prayer,17,1986,176,2006,671,oldies,83,-3.757,122.511,4,1,0.532,0.887,0.0335,0.000214,0.294,0.795,rock
Bon Jovi,Livin' on a prayer,17,1986,176,2007,478,oldies,83,-3.757,122.511,4,1,0.532,0.887,0.0335,0.000214,0.294,0.795,rock
Bon Jovi,Livin' on a prayer,17,1986,176,2008,409,oldies,83,-3.757,122.511,4,1,0.532,0.887,0.0335,0.000214,0.294,0.795,rock
Bon Jovi,Livin' on a prayer,17,1986,176,2009,501,oldies,83,-3.757,122.511,4,1,0.532,0.887,0.0335,0.000214,0.294,0.795,rock
Bon Jovi,Livin' on a prayer,17,1986,176,2010,482,oldies,83,-3.757,122.511,4,1,0.532,0.887,0.0335,0.000214,0.294,0.795,rock
Bon Jovi,Livin' on a prayer,17,1986,176,2011,436,oldies,83,-3.757,122.511,4,1,0.532,0.887,0.0335,0.000214,0.294,0.795,rock
Bon Jovi,Livin' on a prayer,17,1986,176,2012,416,oldies,83,-3.757,122.511,4,1,0.532,0.887,0.0335,0.000214,0.294,0.795,rock
Bon Jovi,Livin' on a prayer,17,1986,176,2013,328,oldies,83,-3.757,122.511,4,1,0.532,0.887,0.0335,0.000214,0.294,0.795,rock
Bon Jovi,Livin' on a prayer,17,1986,176,2014,504,oldies,83,-3.757,122.511,4,1,0.532,0.887,0.0335,0.000214,0.294,0.795,rock
Bon Jovi,Livin' on a prayer,17,1986,176,2015,425,oldies,83,-3.757,122.511,4,1,0.532,0.887,0.0335,0.000214,0.294,0.795,rock
Bon Jovi,Livin' on a prayer,17,1986,176,2016,409,oldies,83,-3.757,122.511,4,1,0.532,0.887,0.0335,0.000214,0.294,0.795,rock
Bon Jovi,Livin' on a prayer,17,1986,176,2017,374,oldies,83,-3.757,122.511,4,1,0.532,0.887,0.0335,0.000214,0.294,0.795,rock
Bon Jovi,Livin' on a prayer,17,1986,176,2018,255,oldies,83,-3.757,122.511,4,1,0.532,0.887,0.0335,0.000214,0.294,0.795,rock
Bon Jovi,Livin' on a prayer,17,1986,176,2019,293,oldies,83,-3.757,122.511,4,1,0.532,0.887,0.0335,0.000214,0.294,0.795,rock
Twenty One Pilots,Stressed out,15,2015,868,2016,1398,2000s,83,-5.677,169.977,4,0,0.734,0.637,0.141,2.29E-05,0.0602,0.648,rock
Twenty One Pilots,Stressed out,15,2015,868,2017,1080,2000s,83,-5.677,169.977,4,0,0.734,0.637,0.141,2.29E-05,0.0602,0.648,rock
Twenty One Pilots,Stressed out,15,2015,868,2018,868,2000s,83,-5.677,169.977,4,0,0.734,0.637,0.141,2.29E-05,0.0602,0.648,rock
Twenty One Pilots,Stressed out,15,2015,868,2019,896,2000s,83,-5.677,169.977,4,0,0.734,0.637,0.141,2.29E-05,0.0602,0.648,rock
Radiohead,Creep,18,1993,65,2007,176,90s,82,-9.935,91.841,4,1,0.515,0.43,0.0369,0.000141,0.129,0.104,rock
Radiohead,Creep,18,1993,65,2008,1018,90s,82,-9.935,91.841,4,1,0.515,0.43,0.0369,0.000141,0.129,0.104,rock
Radiohead,Creep,18,1993,65,2009,283,90s,82,-9.935,91.841,4,1,0.515,0.43,0.0369,0.000141,0.129,0.104,rock
Radiohead,Creep,18,1993,65,2010,130,90s,82,-9.935,91.841,4,1,0.515,0.43,0.0369,0.000141,0.129,0.104,rock
Radiohead,Creep,18,1993,65,2011,129,90s,82,-9.935,91.841,4,1,0.515,0.43,0.0369,0.000141,0.129,0.104,rock
Radiohead,Creep,18,1993,65,2012,116,90s,82,-9.935,91.841,4,1,0.515,0.43,0.0369,0.000141,0.129,0.104,rock
Radiohead,Creep,18,1993,65,2013,115,90s,82,-9.935,91.841,4,1,0.515,0.43,0.0369,0.000141,0.129,0.104,rock
Radiohead,Creep,18,1993,65,2014,102,90s,82,-9.935,91.841,4,1,0.515,0.43,0.0369,0.000141,0.129,0.104,rock
Radiohead,Creep,18,1993,65,2015,117,90s,82,-9.935,91.841,4,1,0.515,0.43,0.0369,0.000141,0.129,0.104,rock
Radiohead,Creep,18,1993,65,2016,75,90s,82,-9.935,91.841,4,1,0.515,0.43,0.0369,0.000141,0.129,0.104,rock
Radiohead,Creep,18,1993,65,2017,65,90s,82,-9.935,91.841,4,1,0.515,0.43,0.0369,0.000141,0.129,0.104,rock
Radiohead,Creep,18,1993,65,2018,87,90s,82,-9.935,91.841,4,1,0.515,0.43,0.0369,0.000141,0.129,0.104,rock
Radiohead,Creep,18,1993,65,2019,83,90s,82,-9.935,91.841,4,1,0.515,0.43,0.0369,0.000141,0.129,0.104,rock
R.E.M.,Losing my religion,19,1991,15,1999,25,90s,81,-5.051,125.639,4,0,0.666,0.855,0.0295,1.20E-06,0.0987,0.803,rock
R.E.M.,Losing my religion,19,1991,15,2000,15,90s,81,-5.051,125.639,4,0,0.666,0.855,0.0295,1.20E-06,0.0987,0.803,rock
R.E.M.,Losing my religion,19,1991,15,2001,37,90s,81,-5.051,125.639,4,0,0.666,0.855,0.0295,1.20E-06,0.0987,0.803,rock
R.E.M.,Losing my religion,19,1991,15,2002,42,90s,81,-5.051,125.639,4,0,0.666,0.855,0.0295,1.20E-06,0.0987,0.803,rock
R.E.M.,Losing my religion,19,1991,15,2003,33,90s,81,-5.051,125.639,4,0,0.666,0.855,0.0295,1.20E-06,0.0987,0.803,rock
R.E.M.,Losing my religion,19,1991,15,2004,46,90s,81,-5.051,125.639,4,0,0.666,0.855,0.0295,1.20E-06,0.0987,0.803,rock
R.E.M.,Losing my religion,19,1991,15,2005,76,90s,81,-5.051,125.639,4,0,0.666,0.855,0.0295,1.20E-06,0.0987,0.803,rock
R.E.M.,Losing my religion,19,1991,15,2006,79,90s,81,-5.051,125.639,4,0,0.666,0.855,0.0295,1.20E-06,0.0987,0.803,rock
R.E.M.,Losing my religion,19,1991,15,2007,132,90s,81,-5.051,125.639,4,0,0.666,0.855,0.0295,1.20E-06,0.0987,0.803,rock
R.E.M.,Losing my religion,19,1991,15,2008,60,90s,81,-5.051,125.639,4,0,0.666,0.855,0.0295,1.20E-06,0.0987,0.803,rock
R.E.M.,Losing my religion,19,1991,15,2009,67,90s,81,-5.051,125.639,4,0,0.666,0.855,0.0295,1.20E-06,0.0987,0.803,rock
R.E.M.,Losing my religion,19,1991,15,2010,83,90s,81,-5.051,125.639,4,0,0.666,0.855,0.0295,1.20E-06,0.0987,0.803,rock
R.E.M.,Losing my religion,19,1991,15,2011,68,90s,81,-5.051,125.639,4,0,0.666,0.855,0.0295,1.20E-06,0.0987,0.803,rock
R.E.M.,Losing my religion,19,1991,15,2012,118,90s,81,-5.051,125.639,4,0,0.666,0.855,0.0295,1.20E-06,0.0987,0.803,rock
R.E.M.,Losing my religion,19,1991,15,2013,111,90s,81,-5.051,125.639,4,0,0.666,0.855,0.0295,1.20E-06,0.0987,0.803,rock
R.E.M.,Losing my religion,19,1991,15,2014,126,90s,81,-5.051,125.639,4,0,0.666,0.855,0.0295,1.20E-06,0.0987,0.803,rock
R.E.M.,Losing my religion,19,1991,15,2015,112,90s,81,-5.051,125.639,4,0,0.666,0.855,0.0295,1.20E-06,0.0987,0.803,rock
R.E.M.,Losing my religion,19,1991,15,2016,80,90s,81,-5.051,125.639,4,0,0.666,0.855,0.0295,1.20E-06,0.0987,0.803,rock
R.E.M.,Losing my religion,19,1991,15,2017,73,90s,81,-5.051,125.639,4,0,0.666,0.855,0.0295,1.20E-06,0.0987,0.803,rock
R.E.M.,Losing my religion,19,1991,15,2018,84,90s,81,-5.051,125.639,4,0,0.666,0.855,0.0295,1.20E-06,0.0987,0.803,rock
R.E.M.,Losing my religion,19,1991,15,2019,112,90s,81,-5.051,125.639,4,0,0.666,0.855,0.0295,1.20E-06,0.0987,0.803,rock
Bryan Adams,Summer of '69,20,1990,43,1999,45,90s,81,-6.205,139.131,4,1,0.508,0.834,0.0386,0,0.0732,0.774,rock
Bryan Adams,Summer of '69,20,1990,43,2000,43,90s,81,-6.205,139.131,4,1,0.508,0.834,0.0386,0,0.0732,0.774,rock
Bryan Adams,Summer of '69,20,1990,43,2001,94,90s,81,-6.205,139.131,4,1,0.508,0.834,0.0386,0,0.0732,0.774,rock
Bryan Adams,Summer of '69,20,1990,43,2002,51,90s,81,-6.205,139.131,4,1,0.508,0.834,0.0386,0,0.0732,0.774,rock
Bryan Adams,Summer of '69,20,1990,43,2003,57,90s,81,-6.205,139.131,4,1,0.508,0.834,0.0386,0,0.0732,0.774,rock
Bryan Adams,Summer of '69,20,1990,43,2004,59,90s,81,-6.205,139.131,4,1,0.508,0.834,0.0386,0,0.0732,0.774,rock
Bryan Adams,Summer of '69,20,1990,43,2005,88,90s,81,-6.205,139.131,4,1,0.508,0.834,0.0386,0,0.0732,0.774,rock
Bryan Adams,Summer of '69,20,1990,43,2006,109,90s,81,-6.205,139.131,4,1,0.508,0.834,0.0386,0,0.0732,0.774,rock
Bryan Adams,Summer of '69,20,1990,43,2007,98,90s,81,-6.205,139.131,4,1,0.508,0.834,0.0386,0,0.0732,0.774,rock
Bryan Adams,Summer of '69,20,1990,43,2008,77,90s,81,-6.205,139.131,4,1,0.508,0.834,0.0386,0,0.0732,0.774,rock
Bryan Adams,Summer of '69,20,1990,43,2009,139,90s,81,-6.205,139.131,4,1,0.508,0.834,0.0386,0,0.0732,0.774,rock
Bryan Adams,Summer of '69,20,1990,43,2010,131,90s,81,-6.205,139.131,4,1,0.508,0.834,0.0386,0,0.0732,0.774,rock
Bryan Adams,Summer of '69,20,1990,43,2011,107,90s,81,-6.205,139.131,4,1,0.508,0.834,0.0386,0,0.0732,0.774,rock
Bryan Adams,Summer of '69,20,1990,43,2012,145,90s,81,-6.205,139.131,4,1,0.508,0.834,0.0386,0,0.0732,0.774,rock
Bryan Adams,Summer of '69,20,1990,43,2013,167,90s,81,-6.205,139.131,4,1,0.508,0.834,0.0386,0,0.0732,0.774,rock
Bryan Adams,Summer of '69,20,1990,43,2014,197,90s,81,-6.205,139.131,4,1,0.508,0.834,0.0386,0,0.0732,0.774,rock
Bryan Adams,Summer of '69,20,1990,43,2015,147,90s,81,-6.205,139.131,4,1,0.508,0.834,0.0386,0,0.0732,0.774,rock
Bryan Adams,Summer of '69,20,1990,43,2016,150,90s,81,-6.205,139.131,4,1,0.508,0.834,0.0386,0,0.0732,0.774,rock
Bryan Adams,Summer of '69,20,1990,43,2017,145,90s,81,-6.205,139.131,4,1,0.508,0.834,0.0386,0,0.0732,0.774,rock
Bryan Adams,Summer of '69,20,1990,43,2018,148,90s,81,-6.205,139.131,4,1,0.508,0.834,0.0386,0,0.0732,0.774,rock
Bryan Adams,Summer of '69,20,1990,43,2019,134,90s,81,-6.205,139.131,4,1,0.508,0.834,0.0386,0,0.0732,0.774,rock
Linkin Park,In the end,21,2001,40,2012,1100,2000s,83,-5.87,105.143,4,0,0.556,0.864,0.0584,0,0.209,0.4,other
Linkin Park,In the end,21,2001,40,2013,612,2000s,83,-5.87,105.143,4,0,0.556,0.864,0.0584,0,0.209,0.4,other
Linkin Park,In the end,21,2001,40,2014,189,2000s,83,-5.87,105.143,4,0,0.556,0.864,0.0584,0,0.209,0.4,other
Linkin Park,In the end,21,2001,40,2015,144,2000s,83,-5.87,105.143,4,0,0.556,0.864,0.0584,0,0.209,0.4,other
Linkin Park,In the end,21,2001,40,2016,157,2000s,83,-5.87,105.143,4,0,0.556,0.864,0.0584,0,0.209,0.4,other
Linkin Park,In the end,21,2001,40,2017,40,2000s,83,-5.87,105.143,4,0,0.556,0.864,0.0584,0,0.209,0.4,other
Linkin Park,In the end,21,2001,40,2018,47,2000s,83,-5.87,105.143,4,0,0.556,0.864,0.0584,0,0.209,0.4,other
Linkin Park,In the end,21,2001,40,2019,52,2000s,83,-5.87,105.143,4,0,0.556,0.864,0.0584,0,0.209,0.4,other
Eminem,Without Me,22,2002,837,2016,1717,2000s,82,-2.827,112.238,4,1,0.908,0.669,0.0738,0,0.237,0.662,other
Eminem,Without Me,22,2002,837,2017,1445,2000s,82,-2.827,112.238,4,1,0.908,0.669,0.0738,0,0.237,0.662,other
Eminem,Without Me,22,2002,837,2018,837,2000s,82,-2.827,112.238,4,1,0.908,0.669,0.0738,0,0.237,0.662,other
Eminem,Without Me,22,2002,837,2019,933,2000s,82,-2.827,112.238,4,1,0.908,0.669,0.0738,0,0.237,0.662,other
"Cranberries, The ",Zombie,23,1994,123,2006,1040,90s,80,-8.957,166.978,4,1,0.307,0.635,0.0339,0.00486,0.366,0.305,other
"Cranberries, The ",Zombie,23,1994,123,2007,245,90s,80,-8.957,166.978,4,1,0.307,0.635,0.0339,0.00486,0.366,0.305,other
"Cranberries, The ",Zombie,23,1994,123,2008,944,90s,80,-8.957,166.978,4,1,0.307,0.635,0.0339,0.00486,0.366,0.305,other
"Cranberries, The ",Zombie,23,1994,123,2009,308,90s,80,-8.957,166.978,4,1,0.307,0.635,0.0339,0.00486,0.366,0.305,other
"Cranberries, The ",Zombie,23,1994,123,2010,285,90s,80,-8.957,166.978,4,1,0.307,0.635,0.0339,0.00486,0.366,0.305,other
"Cranberries, The ",Zombie,23,1994,123,2011,223,90s,80,-8.957,166.978,4,1,0.307,0.635,0.0339,0.00486,0.366,0.305,other
"Cranberries, The ",Zombie,23,1994,123,2012,241,90s,80,-8.957,166.978,4,1,0.307,0.635,0.0339,0.00486,0.366,0.305,other
"Cranberries, The ",Zombie,23,1994,123,2013,246,90s,80,-8.957,166.978,4,1,0.307,0.635,0.0339,0.00486,0.366,0.305,other
"Cranberries, The ",Zombie,23,1994,123,2014,264,90s,80,-8.957,166.978,4,1,0.307,0.635,0.0339,0.00486,0.366,0.305,other
"Cranberries, The ",Zombie,23,1994,123,2015,248,90s,80,-8.957,166.978,4,1,0.307,0.635,0.0339,0.00486,0.366,0.305,other
"Cranberries, The ",Zombie,23,1994,123,2016,222,90s,80,-8.957,166.978,4,1,0.307,0.635,0.0339,0.00486,0.366,0.305,other
"Cranberries, The ",Zombie,23,1994,123,2017,202,90s,80,-8.957,166.978,4,1,0.307,0.635,0.0339,0.00486,0.366,0.305,other
"Cranberries, The ",Zombie,23,1994,123,2018,129,90s,80,-8.957,166.978,4,1,0.307,0.635,0.0339,0.00486,0.366,0.305,other
"Cranberries, The ",Zombie,23,1994,123,2019,123,90s,80,-8.957,166.978,4,1,0.307,0.635,0.0339,0.00486,0.366,0.305,other
Coolio,Gangsta's paradise,24,1995,845,2014,1467,90s,80,-10.05,79.974,4,1,0.647,0.514,0.0593,0,0.398,0.387,other
Coolio,Gangsta's paradise,24,1995,845,2015,1121,90s,80,-10.05,79.974,4,1,0.647,0.514,0.0593,0,0.398,0.387,other
Coolio,Gangsta's paradise,24,1995,845,2016,1302,90s,80,-10.05,79.974,4,1,0.647,0.514,0.0593,0,0.398,0.387,other
Coolio,Gangsta's paradise,24,1995,845,2017,1281,90s,80,-10.05,79.974,4,1,0.647,0.514,0.0593,0,0.398,0.387,other
Coolio,Gangsta's paradise,24,1995,845,2018,845,90s,80,-10.05,79.974,4,1,0.647,0.514,0.0593,0,0.398,0.387,other
Coolio,Gangsta's paradise,24,1995,845,2019,963,90s,80,-10.05,79.974,4,1,0.647,0.514,0.0593,0,0.398,0.387,other
Eminem,The Real Slim Shady,25,2000,949,2016,1745,90s,79,-4.244,104.504,4,0,0.949,0.661,0.0572,0,0.0454,0.76,other
Eminem,The Real Slim Shady,25,2000,949,2017,1668,90s,79,-4.244,104.504,4,0,0.949,0.661,0.0572,0,0.0454,0.76,other
Eminem,The Real Slim Shady,25,2000,949,2018,949,90s,79,-4.244,104.504,4,0,0.949,0.661,0.0572,0,0.0454,0.76,other
Eminem,The Real Slim Shady,25,2000,949,2019,1039,90s,79,-4.244,104.504,4,0,0.949,0.661,0.0572,0,0.0454,0.76,other
Coldplay,Yellow,26,2000,111,2011,190,90s,81,-7.227,173.365,4,1,0.429,0.661,0.0281,0.00013,0.234,0.285,pop
Coldplay,Yellow,26,2000,111,2012,176,90s,81,-7.227,173.365,4,1,0.429,0.661,0.0281,0.00013,0.234,0.285,pop
Coldplay,Yellow,26,2000,111,2013,154,90s,81,-7.227,173.365,4,1,0.429,0.661,0.0281,0.00013,0.234,0.285,pop
Coldplay,Yellow,26,2000,111,2014,195,90s,81,-7.227,173.365,4,1,0.429,0.661,0.0281,0.00013,0.234,0.285,pop
Coldplay,Yellow,26,2000,111,2015,158,90s,81,-7.227,173.365,4,1,0.429,0.661,0.0281,0.00013,0.234,0.285,pop
Coldplay,Yellow,26,2000,111,2016,111,90s,81,-7.227,173.365,4,1,0.429,0.661,0.0281,0.00013,0.234,0.285,pop
Coldplay,Yellow,26,2000,111,2017,126,90s,81,-7.227,173.365,4,1,0.429,0.661,0.0281,0.00013,0.234,0.285,pop
Coldplay,Yellow,26,2000,111,2018,116,90s,81,-7.227,173.365,4,1,0.429,0.661,0.0281,0.00013,0.234,0.285,pop
Coldplay,Yellow,26,2000,111,2019,129,90s,81,-7.227,173.365,4,1,0.429,0.661,0.0281,0.00013,0.234,0.285,pop
blink-182,All the Small Things,27,1999,1107,2015,1259,90s,79,-4.918,148.726,4,1,0.434,0.897,0.0488,0,0.612,0.684,pop
blink-182,All the Small Things,27,1999,1107,2016,1107,90s,79,-4.918,148.726,4,1,0.434,0.897,0.0488,0,0.612,0.684,pop
blink-182,All the Small Things,27,1999,1107,2017,1383,90s,79,-4.918,148.726,4,1,0.434,0.897,0.0488,0,0.612,0.684,pop
blink-182,All the Small Things,27,1999,1107,2018,1253,90s,79,-4.918,148.726,4,1,0.434,0.897,0.0488,0,0.612,0.684,pop
blink-182,All the Small Things,27,1999,1107,2019,1398,90s,79,-4.918,148.726,4,1,0.434,0.897,0.0488,0,0.612,0.684,pop
Backstreet Boys,I Want It That Way,28,1999,842,2009,1569,90s,77,-5.642,99.031,4,0,0.689,0.702,0.0261,0,0.159,0.484,pop
Backstreet Boys,I Want It That Way,28,1999,842,2010,1977,90s,77,-5.642,99.031,4,0,0.689,0.702,0.0261,0,0.159,0.484,pop
Backstreet Boys,I Want It That Way,28,1999,842,2011,1543,90s,77,-5.642,99.031,4,0,0.689,0.702,0.0261,0,0.159,0.484,pop
Backstreet Boys,I Want It That Way,28,1999,842,2012,1645,90s,77,-5.642,99.031,4,0,0.689,0.702,0.0261,0,0.159,0.484,pop
Backstreet Boys,I Want It That Way,28,1999,842,2013,1074,90s,77,-5.642,99.031,4,0,0.689,0.702,0.0261,0,0.159,0.484,pop
Backstreet Boys,I Want It That Way,28,1999,842,2014,1234,90s,77,-5.642,99.031,4,0,0.689,0.702,0.0261,0,0.159,0.484,pop
Backstreet Boys,I Want It That Way,28,1999,842,2015,842,90s,77,-5.642,99.031,4,0,0.689,0.702,0.0261,0,0.159,0.484,pop
Backstreet Boys,I Want It That Way,28,1999,842,2016,1094,90s,77,-5.642,99.031,4,0,0.689,0.702,0.0261,0,0.159,0.484,pop
Backstreet Boys,I Want It That Way,28,1999,842,2017,1074,90s,77,-5.642,99.031,4,0,0.689,0.702,0.0261,0,0.159,0.484,pop
Backstreet Boys,I Want It That Way,28,1999,842,2018,901,90s,77,-5.642,99.031,4,0,0.689,0.702,0.0261,0,0.159,0.484,pop
Backstreet Boys,I Want It That Way,28,1999,842,2019,1014,90s,77,-5.642,99.031,4,0,0.689,0.702,0.0261,0,0.159,0.484,pop
Whitney Houston,I will always love you,29,1992,131,1999,131,90s,76,-12.518,66.98,4,1,0.306,0.214,0.0356,5.30E-06,0.0839,0.108,pop
Whitney Houston,I will always love you,29,1992,131,2000,405,90s,76,-12.518,66.98,4,1,0.306,0.214,0.0356,5.30E-06,0.0839,0.108,pop
Whitney Houston,I will always love you,29,1992,131,2001,476,90s,76,-12.518,66.98,4,1,0.306,0.214,0.0356,5.30E-06,0.0839,0.108,pop
Whitney Houston,I will always love you,29,1992,131,2002,551,90s,76,-12.518,66.98,4,1,0.306,0.214,0.0356,5.30E-06,0.0839,0.108,pop
Whitney Houston,I will always love you,29,1992,131,2003,537,90s,76,-12.518,66.98,4,1,0.306,0.214,0.0356,5.30E-06,0.0839,0.108,pop
Whitney Houston,I will always love you,29,1992,131,2004,463,90s,76,-12.518,66.98,4,1,0.306,0.214,0.0356,5.30E-06,0.0839,0.108,pop
Whitney Houston,I will always love you,29,1992,131,2005,636,90s,76,-12.518,66.98,4,1,0.306,0.214,0.0356,5.30E-06,0.0839,0.108,pop
Whitney Houston,I will always love you,29,1992,131,2006,513,90s,76,-12.518,66.98,4,1,0.306,0.214,0.0356,5.30E-06,0.0839,0.108,pop
Whitney Houston,I will always love you,29,1992,131,2007,483,90s,76,-12.518,66.98,4,1,0.306,0.214,0.0356,5.30E-06,0.0839,0.108,pop
Whitney Houston,I will always love you,29,1992,131,2008,505,90s,76,-12.518,66.98,4,1,0.306,0.214,0.0356,5.30E-06,0.0839,0.108,pop
Whitney Houston,I will always love you,29,1992,131,2009,505,90s,76,-12.518,66.98,4,1,0.306,0.214,0.0356,5.30E-06,0.0839,0.108,pop
Whitney Houston,I will always love you,29,1992,131,2010,534,90s,76,-12.518,66.98,4,1,0.306,0.214,0.0356,5.30E-06,0.0839,0.108,pop
Whitney Houston,I will always love you,29,1992,131,2011,687,90s,76,-12.518,66.98,4,1,0.306,0.214,0.0356,5.30E-06,0.0839,0.108,pop
Whitney Houston,I will always love you,29,1992,131,2012,401,90s,76,-12.518,66.98,4,1,0.306,0.214,0.0356,5.30E-06,0.0839,0.108,pop
Whitney Houston,I will always love you,29,1992,131,2013,433,90s,76,-12.518,66.98,4,1,0.306,0.214,0.0356,5.30E-06,0.0839,0.108,pop
Whitney Houston,I will always love you,29,1992,131,2014,446,90s,76,-12.518,66.98,4,1,0.306,0.214,0.0356,5.30E-06,0.0839,0.108,pop
Whitney Houston,I will always love you,29,1992,131,2015,381,90s,76,-12.518,66.98,4,1,0.306,0.214,0.0356,5.30E-06,0.0839,0.108,pop
Whitney Houston,I will always love you,29,1992,131,2016,453,90s,76,-12.518,66.98,4,1,0.306,0.214,0.0356,5.30E-06,0.0839,0.108,pop
Whitney Houston,I will always love you,29,1992,131,2017,484,90s,76,-12.518,66.98,4,1,0.306,0.214,0.0356,5.30E-06,0.0839,0.108,pop
Whitney Houston,I will always love you,29,1992,131,2018,447,90s,76,-12.518,66.98,4,1,0.306,0.214,0.0356,5.30E-06,0.0839,0.108,pop
Whitney Houston,I will always love you,29,1992,131,2019,617,90s,76,-12.518,66.98,4,1,0.306,0.214,0.0356,5.30E-06,0.0839,0.108,pop
Michael Jackson,Billie Jean,30,1983,27,1999,173,oldies,81,-3.051,117.046,4,0,0.92,0.654,0.0401,0.0158,0.0359,0.847,pop
Michael Jackson,Billie Jean,30,1983,27,2000,422,oldies,81,-3.051,117.046,4,0,0.92,0.654,0.0401,0.0158,0.0359,0.847,pop
Michael Jackson,Billie Jean,30,1983,27,2001,310,oldies,81,-3.051,117.046,4,0,0.92,0.654,0.0401,0.0158,0.0359,0.847,pop
Michael Jackson,Billie Jean,30,1983,27,2002,313,oldies,81,-3.051,117.046,4,0,0.92,0.654,0.0401,0.0158,0.0359,0.847,pop
Michael Jackson,Billie Jean,30,1983,27,2003,315,oldies,81,-3.051,117.046,4,0,0.92,0.654,0.0401,0.0158,0.0359,0.847,pop
Michael Jackson,Billie Jean,30,1983,27,2004,222,oldies,81,-3.051,117.046,4,0,0.92,0.654,0.0401,0.0158,0.0359,0.847,pop
Michael Jackson,Billie Jean,30,1983,27,2005,239,oldies,81,-3.051,117.046,4,0,0.92,0.654,0.0401,0.0158,0.0359,0.847,pop
Michael Jackson,Billie Jean,30,1983,27,2006,260,oldies,81,-3.051,117.046,4,0,0.92,0.654,0.0401,0.0158,0.0359,0.847,pop
Michael Jackson,Billie Jean,30,1983,27,2007,370,oldies,81,-3.051,117.046,4,0,0.92,0.654,0.0401,0.0158,0.0359,0.847,pop
Michael Jackson,Billie Jean,30,1983,27,2008,266,oldies,81,-3.051,117.046,4,0,0.92,0.654,0.0401,0.0158,0.0359,0.847,pop
Michael Jackson,Billie Jean,30,1983,27,2009,27,oldies,81,-3.051,117.046,4,0,0.92,0.654,0.0401,0.0158,0.0359,0.847,pop
Michael Jackson,Billie Jean,30,1983,27,2010,64,oldies,81,-3.051,117.046,4,0,0.92,0.654,0.0401,0.0158,0.0359,0.847,pop
Michael Jackson,Billie Jean,30,1983,27,2011,96,oldies,81,-3.051,117.046,4,0,0.92,0.654,0.0401,0.0158,0.0359,0.847,pop
Michael Jackson,Billie Jean,30,1983,27,2012,83,oldies,81,-3.051,117.046,4,0,0.92,0.654,0.0401,0.0158,0.0359,0.847,pop
Michael Jackson,Billie Jean,30,1983,27,2013,132,oldies,81,-3.051,117.046,4,0,0.92,0.654,0.0401,0.0158,0.0359,0.847,pop
Michael Jackson,Billie Jean,30,1983,27,2014,128,oldies,81,-3.051,117.046,4,0,0.92,0.654,0.0401,0.0158,0.0359,0.847,pop
Michael Jackson,Billie Jean,30,1983,27,2015,126,oldies,81,-3.051,117.046,4,0,0.92,0.654,0.0401,0.0158,0.0359,0.847,pop
Michael Jackson,Billie Jean,30,1983,27,2016,123,oldies,81,-3.051,117.046,4,0,0.92,0.654,0.0401,0.0158,0.0359,0.847,pop
Michael Jackson,Billie Jean,30,1983,27,2017,113,oldies,81,-3.051,117.046,4,0,0.92,0.654,0.0401,0.0158,0.0359,0.847,pop
Michael Jackson,Billie Jean,30,1983,27,2018,82,oldies,81,-3.051,117.046,4,0,0.92,0.654,0.0401,0.0158,0.0359,0.847,pop
Michael Jackson,Billie Jean,30,1983,27,2019,130,oldies,81,-3.051,117.046,4,0,0.92,0.654,0.0401,0.0158,0.0359,0.847,pop
Whitney Houston,I Wanna Dance with Somebody (Who Loves Me),31,1987,872,1999,872,oldies,80,-8.824,118.814,4,1,0.709,0.824,0.0453,0.000307,0.0888,0.867,pop
Whitney Houston,I Wanna Dance with Somebody (Who Loves Me),31,1987,872,2000,1263,oldies,80,-8.824,118.814,4,1,0.709,0.824,0.0453,0.000307,0.0888,0.867,pop
Whitney Houston,I Wanna Dance with Somebody (Who Loves Me),31,1987,872,2001,1723,oldies,80,-8.824,118.814,4,1,0.709,0.824,0.0453,0.000307,0.0888,0.867,pop
Whitney Houston,I Wanna Dance with Somebody (Who Loves Me),31,1987,872,2012,1412,oldies,80,-8.824,118.814,4,1,0.709,0.824,0.0453,0.000307,0.0888,0.867,pop
Whitney Houston,I Wanna Dance with Somebody (Who Loves Me),31,1987,872,2013,1973,oldies,80,-8.824,118.814,4,1,0.709,0.824,0.0453,0.000307,0.0888,0.867,pop
Whitney Houston,I Wanna Dance with Somebody (Who Loves Me),31,1987,872,2014,1883,oldies,80,-8.824,118.814,4,1,0.709,0.824,0.0453,0.000307,0.0888,0.867,pop
Whitney Houston,I Wanna Dance with Somebody (Who Loves Me),31,1987,872,2015,1586,oldies,80,-8.824,118.814,4,1,0.709,0.824,0.0453,0.000307,0.0888,0.867,pop
Whitney Houston,I Wanna Dance with Somebody (Who Loves Me),31,1987,872,2016,1446,oldies,80,-8.824,118.814,4,1,0.709,0.824,0.0453,0.000307,0.0888,0.867,pop
Whitney Houston,I Wanna Dance with Somebody (Who Loves Me),31,1987,872,2017,1555,oldies,80,-8.824,118.814,4,1,0.709,0.824,0.0453,0.000307,0.0888,0.867,pop
Whitney Houston,I Wanna Dance with Somebody (Who Loves Me),31,1987,872,2018,946,oldies,80,-8.824,118.814,4,1,0.709,0.824,0.0453,0.000307,0.0888,0.867,pop
Whitney Houston,I Wanna Dance with Somebody (Who Loves Me),31,1987,872,2019,1003,oldies,80,-8.824,118.814,4,1,0.709,0.824,0.0453,0.000307,0.0888,0.867,pop
Katrina & the Waves,Walking on sunshine,32,1985,1205,1999,1318,oldies,78,-11.97,109.902,4,1,0.596,0.869,0.037,0.173,0.0678,0.944,pop
Katrina & the Waves,Walking on sunshine,32,1985,1205,2000,1300,oldies,78,-11.97,109.902,4,1,0.596,0.869,0.037,0.173,0.0678,0.944,pop
Katrina & the Waves,Walking on sunshine,32,1985,1205,2001,1689,oldies,78,-11.97,109.902,4,1,0.596,0.869,0.037,0.173,0.0678,0.944,pop
Katrina & the Waves,Walking on sunshine,32,1985,1205,2002,1326,oldies,78,-11.97,109.902,4,1,0.596,0.869,0.037,0.173,0.0678,0.944,pop
Katrina & the Waves,Walking on sunshine,32,1985,1205,2003,1562,oldies,78,-11.97,109.902,4,1,0.596,0.869,0.037,0.173,0.0678,0.944,pop
Katrina & the Waves,Walking on sunshine,32,1985,1205,2004,1205,oldies,78,-11.97,109.902,4,1,0.596,0.869,0.037,0.173,0.0678,0.944,pop
Katrina & the Waves,Walking on sunshine,32,1985,1205,2005,1314,oldies,78,-11.97,109.902,4,1,0.596,0.869,0.037,0.173,0.0678,0.944,pop
Katrina & the Waves,Walking on sunshine,32,1985,1205,2006,1301,oldies,78,-11.97,109.902,4,1,0.596,0.869,0.037,0.173,0.0678,0.944,pop
Katrina & the Waves,Walking on sunshine,32,1985,1205,2007,1901,oldies,78,-11.97,109.902,4,1,0.596,0.869,0.037,0.173,0.0678,0.944,pop
Katrina & the Waves,Walking on sunshine,32,1985,1205,2008,1440,oldies,78,-11.97,109.902,4,1,0.596,0.869,0.037,0.173,0.0678,0.944,pop
Katrina & the Waves,Walking on sunshine,32,1985,1205,2009,1837,oldies,78,-11.97,109.902,4,1,0.596,0.869,0.037,0.173,0.0678,0.944,pop
Katrina & the Waves,Walking on sunshine,32,1985,1205,2010,1776,oldies,78,-11.97,109.902,4,1,0.596,0.869,0.037,0.173,0.0678,0.944,pop
Katrina & the Waves,Walking on sunshine,32,1985,1205,2013,1913,oldies,78,-11.97,109.902,4,1,0.596,0.869,0.037,0.173,0.0678,0.944,pop
Katrina & the Waves,Walking on sunshine,32,1985,1205,2014,1767,oldies,78,-11.97,109.902,4,1,0.596,0.869,0.037,0.173,0.0678,0.944,pop
Katrina & the Waves,Walking on sunshine,32,1985,1205,2015,1831,oldies,78,-11.97,109.902,4,1,0.596,0.869,0.037,0.173,0.0678,0.944,pop
Foster the People,Pumped Up Kicks,33,2011,1141,2015,1665,2000s,83,-5.849,127.975,4,0,0.733,0.71,0.0292,0.115,0.0956,0.965,rock
Foster the People,Pumped Up Kicks,33,2011,1141,2016,1680,2000s,83,-5.849,127.975,4,0,0.733,0.71,0.0292,0.115,0.0956,0.965,rock
Foster the People,Pumped Up Kicks,33,2011,1141,2017,1442,2000s,83,-5.849,127.975,4,0,0.733,0.71,0.0292,0.115,0.0956,0.965,rock
Foster the People,Pumped Up Kicks,33,2011,1141,2018,1141,2000s,83,-5.849,127.975,4,0,0.733,0.71,0.0292,0.115,0.0956,0.965,rock
Foster the People,Pumped Up Kicks,33,2011,1141,2019,1388,2000s,83,-5.849,127.975,4,0,0.733,0.71,0.0292,0.115,0.0956,0.965,rock
